{
    "items": [
        {
            "processcount": 3
        }
    ],
    "hasMore": false,
    "limit": 1000,
    "offset": 0,
    "count": 1,
    "links": [
        {
            "rel": "self",
            "href": "https://gc380b1ec18fe48-errordb.adb.ap-mumbai-1.oraclecloudapps.com/ords/nactoic/ehfhome/processCount"
        },
        {
            "rel": "describedby",
            "href": "https://gc380b1ec18fe48-errordb.adb.ap-mumbai-1.oraclecloudapps.com/ords/nactoic/metadata-catalog/ehfhome/item"
        },
        {
            "rel": "first",
            "href": "https://gc380b1ec18fe48-errordb.adb.ap-mumbai-1.oraclecloudapps.com/ords/nactoic/ehfhome/processCount"
        }
    ]
}