{
    "openapi": "3.0.0",
    "info": {
        "title": "ORDS generated API for Config",
        "version": "1.0.0",
        "x-vb": {
            "serviceType": "openapi",
            "serviceTypeProperties": {
                "sourceUrl": "https://gc380b1ec18fe48-errordb.adb.ap-mumbai-1.oraclecloudapps.com/ords/nactoic/open-api-catalog/ehfconfig/"
            }
        }
    },
    "servers": [
        {
            "url": "https://jybaf3g8ix9wakj-ehfdb.adb.us-ashburn-1.oraclecloudapps.com/ords/nactoic/ehfconfig",
            "x-vb": {
                "authentication": {
                    "authenticated": {
                        "type": "oauth2_client_credentials",
                        "clientIdCredentials": "vb_2b5e4a39-fe8c-43da-8bba-7aac26ae10f6",
                        "authUrl": "https://jybaf3g8ix9wakj-ehfdb.adb.us-ashburn-1.oraclecloudapps.com/ords/nactoic/oauth/token"
                    }
                },
                "forceProxy": "cors"
            }
        }
    ],
    "paths": {
        "/allConfigs": {
            "get": {
                "operationId": "getAllConfigs",
                "responses": {
                    "default": {
                        "description": "Response for default",
                        "content": {
                            "application/json": {
                                "schema": {
                                    "$ref": "#/components/schemas/GetAllConfigs"
                                },
                                "examples": {
                                    "vb": {
                                        "summary": "Example stored by VB User",
                                        "externalValue": "./examples/getAllConfigs/response_default_application_json_vb.json"
                                    }
                                }
                            }
                        }
                    }
                },
                "x-vb": {
                    "actionHint": "getOne"
                },
                "parameters": [
                    {
                        "name": "process_identifier",
                        "in": "query",
                        "schema": {
                            "type": "string"
                        },
                        "required": true,
                        "x-vb": {
                            "defaultValue": ""
                        }
                    }
                ]
            }
        },
        "/config": {
            "get": {
                "operationId": "getConfig",
                "parameters": [
                    {
                        "name": "process_identifier",
                        "in": "query",
                        "schema": {
                            "type": "string"
                        }
                    }
                ],
                "responses": {
                    "default": {
                        "description": "Default response",
                        "content": {
                            "application/json": {
                                "schema": {
                                    "$ref": "#/components/schemas/GetConfig"
                                },
                                "examples": {
                                    "vb": {
                                        "externalValue": "./examples/getConfig/response_default_application_json_vb.json",
                                        "summary": "Example stored by VB User"
                                    }
                                }
                            }
                        }
                    }
                },
                "x-vb": {
                    "actionHint": "getOne"
                }
            },
            "post": {
                "operationId": "postConfig",
                "requestBody": {
                    "content": {
                        "application/json": {
                            "schema": {
                                "$ref": "#/components/schemas/PostConfigRequest"
                            },
                            "examples": {
                                "vb": {
                                    "externalValue": "./examples/postConfig/request_application_json_vb.json"
                                }
                            }
                        }
                    }
                },
                "responses": {},
                "x-vb": {
                    "actionHint": "create"
                }
            },
            "put": {
                "operationId": "putConfig",
                "requestBody": {
                    "content": {
                        "application/json": {
                            "schema": {
                                "$ref": "#/components/schemas/PutConfigRequest"
                            },
                            "examples": {
                                "vb": {
                                    "externalValue": "./examples/putConfig/request_application_json_vb.json"
                                }
                            }
                        }
                    }
                },
                "responses": {},
                "x-vb": {
                    "actionHint": "update"
                }
            },
            "delete": {
                "operationId": "deleteConfig",
                "parameters": [
                    {
                        "name": "process_identifier",
                        "in": "query",
                        "schema": {
                            "type": "string"
                        }
                    }
                ],
                "responses": {},
                "x-vb": {
                    "actionHint": "delete"
                }
            }
        },
        "/allCreateConfigs": {
        },
        "/getCreateConfig": {
            "get": {
                "operationId": "getCreateConfig",
                "parameters": [
                    {
                        "name": "process_identifier",
                        "in": "query",
                        "schema": {
                            "type": "string"
                        },
                        "x-vb": {
                            "defaultValue": "POC_GENERATEERROR"
                        }
                    }
                ],
                "responses": {
                    "default": {
                        "description": "Response for default",
                        "content": {
                            "application/json": {
                                "schema": {
                                    "$ref": "#/components/schemas/GetGetCreateConfig"
                                },
                                "examples": {
                                    "vb": {
                                        "summary": "Example stored by VB User",
                                        "externalValue": "./examples/getCreateConfig/response_default_application_json_vb.json"
                                    }
                                }
                            }
                        }
                    }
                },
                "x-vb": {
                    "actionHint": "getOne"
                }
            }
        }
    },
    "components": {
        "schemas": {
            "NUMBER": {
                "type": "number"
            },
            "STRING": {
                "type": "string"
            },
            "VARCHAR2": {
                "type": "string"
            },
            "Config_ITEM": {
                "properties": {
                    "process_identifier": {
                        "type": "string"
                    }
                }
            },
            "GetAllConfigs": {
                "type": "object",
                "properties": {
                    "items": {
                        "type": "array",
                        "items": {
                            "type": "object",
                            "properties": {
                                "sequence_id": {
                                    "type": "integer"
                                },
                                "process_identifier": {
                                    "type": "string"
                                },
                                "process_name": {
                                    "type": "string"
                                },
                                "auto_retry": {
                                    "type": "string"
                                },
                                "retry_count": {
                                    "type": "integer"
                                },
                                "retry_interval": {
                                    "type": "integer"
                                },
                                "reprocessing_flag": {
                                    "type": "string"
                                },
                                "send_notification_flag": {
                                    "type": "string"
                                },
                                "batch_notification_flag": {
                                    "type": "string"
                                },
                                "email_enabled": {
                                    "type": "string"
                                },
                                "slack_enabled": {
                                    "type": "string"
                                },
                                "to_email": {
                                    "nullable": true
                                },
                                "slack_channel": {
                                    "nullable": true
                                },
                                "non_intrusive": {
                                    "type": "string"
                                },
                                "auth_type": {
                                    "type": "string",
                                    "nullable": true
                                }
                            }
                        }
                    },
                    "hasMore": {
                        "type": "boolean"
                    },
                    "limit": {
                        "type": "integer"
                    },
                    "offset": {
                        "type": "integer"
                    },
                    "count": {
                        "type": "integer"
                    },
                    "links": {
                        "type": "array",
                        "items": {
                            "type": "object",
                            "properties": {
                                "rel": {
                                    "type": "string"
                                },
                                "href": {
                                    "type": "string"
                                }
                            }
                        }
                    }
                }
            },
            "GetConfig": {
                "type": "object",
                "properties": {
                    "sequence_id": {
                        "type": "integer"
                    },
                    "process_identifier": {
                        "type": "string"
                    },
                    "process_name": {
                        "type": "string"
                    },
                    "auto_retry": {
                        "type": "string"
                    },
                    "retry_count": {
                        "type": "integer"
                    },
                    "retry_interval": {
                        "type": "integer"
                    },
                    "reprocessing_flag": {
                        "type": "string"
                    },
                    "send_notification_flag": {
                        "type": "string"
                    },
                    "batch_notification_flag": {
                        "type": "string"
                    },
                    "email_enabled": {
                        "type": "string"
                    },
                    "slack_enabled": {
                        "type": "string"
                    },
                    "to_email": {
                        "type": "string"
                    },
                    "slack_channel": {
                        "type": "string"
                    },
                    "non_intrusive": {
                        "type": "string"
                    },
                    "auth_type": {
                        "type": "string"
                    },
                    "links": {
                        "type": "array",
                        "items": {
                            "type": "object",
                            "properties": {
                                "rel": {
                                    "type": "string"
                                },
                                "href": {
                                    "type": "string"
                                }
                            }
                        }
                    }

                }
            },
            "Get": {
                "type": "object",
                "properties": {
                    "sequence_id": {
                        "type": "integer"
                    },
                    "process_identifier": {
                        "type": "string"
                    },
                    "process_name": {
                        "type": "string"
                    },
                    "email_list": {
                        "type": "string"
                    },
                    "auto_retry": {
                        "type": "string"
                    },
                    "retry_count": {
                        "type": "integer"
                    },
                    "retry_interval": {
                        "type": "integer"
                    },
                    "reprocessing_flag": {
                        "type": "string"
                    },
                    "send_notification_flag": {
                        "type": "string"
                    },
                    "batch_notification_flag": {
                        "type": "string"
                    },
                    "notification_type": {
                        "type": "string"
                    },
                    "email_enabled": {
                        "type": "string"
                    },
                    "sms_enabled": {
                        "type": "string"
                    },
                    "slack_enabled": {
                        "type": "string"
                    },
                    "links": {
                        "type": "array",
                        "items": {
                            "type": "object",
                            "properties": {
                                "rel": {
                                    "type": "string"
                                },
                                "href": {
                                    "type": "string"
                                }
                            }
                        }
                    }
                }
            },
            "PostRequest": {
                "type": "object",
                "properties": {
                    "process_identifier": {
                        "type": "string"
                    },
                    "process_name": {
                        "type": "string"
                    },
                    "email_list": {
                        "type": "string"
                    },
                    "auto_retry": {
                        "type": "string"
                    },
                    "retry_count": {
                        "type": "integer"
                    },
                    "retry_interval": {
                        "type": "integer"
                    },
                    "reprocessing_flag": {
                        "type": "string"
                    },
                    "send_notification_flag": {
                        "type": "string"
                    },
                    "batch_notification_flag": {
                        "type": "string"
                    },
                    "notification_type": {
                        "type": "string"
                    },
                    "email_enabled": {
                        "type": "string"
                    },
                    "sms_enabled": {
                        "type": "string"
                    },
                    "slack_enabled": {
                        "type": "string"
                    }
                }
            },
            "PostConfigRequest": {
                "type": "object",
                "properties": {
                    "sequence_id": {
                        "type": "integer"
                    },
                    "process_identifier": {
                        "type": "string"
                    },
                    "process_name": {
                        "type": "string"
                    },
                    "auto_retry": {
                        "type": "string"
                    },
                    "retry_count": {
                        "type": "integer"
                    },
                    "retry_interval": {
                        "type": "integer"
                    },
                    "reprocessing_flag": {
                        "type": "string"
                    },
                    "send_notification_flag": {
                        "type": "string"
                    },
                    "batch_notification_flag": {
                        "type": "string"
                    },
                    "email_enabled": {
                        "type": "string"
                    },
                    "slack_enabled": {
                        "type": "string"
                    },
                    "to_email": {
                        "type": "string"
                    },
                    "slack_channel": {
                        "type": "string"
                    },
                    "non_intrusive": {
                        "type": "string"
                    },
                    "auth_type": {
                        "type": "string"
                    }
                }
            },
            "PutConfigRequest": {
                "type": "object",
                "properties": {
                    "process_identifier": {
                        "type": "string"
                    },
                    "process_name": {
                        "type": "string"
                    },
                    "auto_retry": {
                        "type": "string"
                    },
                    "retry_count": {
                        "type": "integer"
                    },
                    "retry_interval": {
                        "type": "integer"
                    },
                    "reprocessing_flag": {
                        "type": "string"
                    },
                    "send_notification_flag": {
                        "type": "string"
                    },
                    "batch_notification_flag": {
                        "type": "string"
                    },
                    "email_enabled": {
                        "type": "string"
                    },
                    "slack_enabled": {
                        "type": "string"
                    },
                    "to_email": {
                        "type": "string"
                    },
                    "slack_channel": {
                        "type": "string"
                    },
                    "non_intrusive": {
                        "type": "string"
                    },
                    "auth_type": {
                        "type": "string"
                    }
                }
            },
            "GetAllCreateConfigs": {
                "type": "object",
                "properties": {
                    "items": {
                        "type": "array",
                        "items": {
                            "type": "object",
                            "properties": {
                                "process_name": {
                                    "type": "string"
                                },
                                "process_identifier": {
                                    "type": "string"
                                }
                            }
                        }
                    },
                    "hasMore": {
                        "type": "boolean"
                    },
                    "limit": {
                        "type": "integer"
                    },
                    "offset": {
                        "type": "integer"
                    },
                    "count": {
                        "type": "integer"
                    },
                    "links": {
                        "type": "array",
                        "items": {
                            "type": "object",
                            "properties": {
                                "rel": {
                                    "type": "string"
                                },
                                "href": {
                                    "type": "string"
                                }
                            }
                        }
                    }
                }
            },
            "GetGetCreateConfig": {
                "type": "object",
                "properties": {
                    "items": {
                        "type": "array",
                        "items": {
                            "type": "object",
                            "properties": {
                                "sequence_id": {
                                    "type": "integer"
                                },
                                "process_identifier": {
                                    "type": "string"
                                },
                                "process_name": {
                                    "type": "string"
                                },
                                "auto_retry": {
                                    "type": "string"
                                },
                                "retry_count": {
                                    "type": "integer"
                                },
                                "retry_interval": {
                                    "type": "integer"
                                },
                                "reprocessing_flag": {
                                    "type": "string"
                                },
                                "send_notification_flag": {
                                    "type": "string"
                                },
                                "batch_notification_flag": {
                                    "type": "string"
                                },
                                "email_enabled": {
                                    "type": "string"
                                },
                                "slack_enabled": {
                                    "type": "string"
                                },
                                "to_email": {
                                    "type": "string"
                                },
                                "slack_channel": {
                                    "type": "string"
                                },
                                "non_intrusive": {
                                    "type": "string"
                                },
                                "auth_type": {
                                    "type": "string"
                                }
                            }
                        }
                    },
                    "hasMore": {
                        "type": "boolean"
                    },
                    "limit": {
                        "type": "integer"
                    },
                    "offset": {
                        "type": "integer"
                    },
                    "count": {
                        "type": "integer"
                    },
                    "links": {
                        "type": "array",
                        "items": {
                            "type": "object",
                            "properties": {
                                "rel": {
                                    "type": "string"
                                },
                                "href": {
                                    "type": "string"
                                }
                            }
                        }
                    }
                }
            }
        }
    }
}