{
    "items": [
        {
            "process_name": "CREATE_CUST_INTERFACE",
            "process_identifier": "CREATE_CUST_INTERFACE"
        },
        {
            "process_name": "OICTEST",
            "process_identifier": "OICTEST"
        },
        {
            "process_name": "OICSOAPPOC",
            "process_identifier": "OICSOAPPOC"
        },
        {
            "process_name": "Create Customer Interface New",
            "process_identifier": "CREATE_CUST_INTERFACE_NEW"
        },
        {
            "process_name": "Project FBDI Load",
            "process_identifier": "PROJ_FBDI_LOAD"
        },
        {
            "process_name": "SOAP_INT",
            "process_identifier": "SOAP_INT"
        }
    ],
    "hasMore": false,
    "limit": 1000,
    "offset": 0,
    "count": 6,
    "links": [
        {
            "rel": "self",
            "href": "https://gc380b1ec18fe48-errordb.adb.ap-mumbai-1.oraclecloudapps.com/ords/nactoic/ehfconfig/allCreateConfigs"
        },
        {
            "rel": "describedby",
            "href": "https://gc380b1ec18fe48-errordb.adb.ap-mumbai-1.oraclecloudapps.com/ords/nactoic/metadata-catalog/ehfconfig/item"
        },
        {
            "rel": "first",
            "href": "https://gc380b1ec18fe48-errordb.adb.ap-mumbai-1.oraclecloudapps.com/ords/nactoic/ehfconfig/allCreateConfigs"
        }
    ]
}