{
    "openapi": "3.0.0",
    "info": {
        "title": "ORDS generated API for Dashboard",
        "version": "1.0.0",
        "x-vb": {
            "serviceType": "openapi",
            "serviceTypeProperties": {
                "sourceUrl": "https://gc380b1ec18fe48-errordb.adb.ap-mumbai-1.oraclecloudapps.com/ords/nactoic/open-api-catalog/ehfdashboard/"
            }
        }
    },
    "servers": [
        {
            "url": "https://jybaf3g8ix9wakj-ehfdb.adb.us-ashburn-1.oraclecloudapps.com/ords/nactoic/ehfdashboard",
            "x-vb": {
                "authentication": {
                    "authenticated": {
                        "type": "oauth2_client_credentials",
                        "clientIdCredentials": "vb_94a9ed8e-2c71-4906-9227-af65334554a4",
                        "authUrl": "https://jybaf3g8ix9wakj-ehfdb.adb.us-ashburn-1.oraclecloudapps.com/ords/nactoic/oauth/token"
                    }
                },
                "forceProxy": "cors"
            }
        }
    ],
    "paths": {
        "/allRuns": {
            "get": {
                "operationId": "getAllRuns",
                "responses": {
                    "default": {
                        "description": "Response for default",
                        "content": {
                            "application/json": {
                                "schema": {
                                    "$ref": "#/components/schemas/GetAllRuns"
                                },
                                "examples": {
                                    "vb": {
                                        "summary": "Example stored by VB User",
                                        "externalValue": "./examples/getAllRuns/response_default_application_json_vb.json"
                                    }
                                }
                            }
                        }
                    }
                },
                "x-vb": {
                    "actionHint": "getMany"
                }
            }
        },
        "/search": {
            "get": {
                "operationId": "getSearch",
                "parameters": [
                    {
                        "name": "run_id",
                        "in": "header",
                        "schema": {
                            "type": "string"
                        }
                    },
                    {
                        "name": "parent_runid",
                        "in": "header",
                        "schema": {
                            "type": "string"
                        }
                    },
                    {
                        "name": "process_name",
                        "in": "header",
                        "schema": {
                            "type": "string"
                        }
                    },
                    {
                        "name": "process_status",
                        "in": "header",
                        "schema": {
                            "type": "string"
                        },
                        "x-vb": {
                            "defaultValue": ""
                        }
                    },
                    {
                        "name": "process_from_date",
                        "in": "header",
                        "schema": {
                            "type": "string"
                        },
                        "x-vb": {
                            "defaultValue": "2022-12-01"
                        }
                    },
                    {
                        "name": "process_to_date",
                        "in": "header",
                        "schema": {
                            "type": "string"
                        },
                        "x-vb": {
                            "defaultValue": "2022-12-31"
                        }
                    }
                ],
                "responses": {
                    "default": {
                        "description": "Response for default",
                        "content": {
                            "application/json": {
                                "schema": {
                                    "$ref": "#/components/schemas/GetSearch"
                                },
                                "examples": {
                                    "vb": {
                                        "summary": "Example stored by VB User",
                                        "externalValue": "./examples/getSearch/response_default_application_json_vb.json"
                                    }
                                }
                            }
                        }
                    }
                },
                "x-vb": {
                    "actionHint": "getMany"
                }
            }
        },
        "/reprocess": {
            "post": {
                "operationId": "reprocess",
                "parameters": [
                    {
                        "name": "sequence_id",
                        "in": "query",
                        "required": true,
                        "schema": {
                            "type": "string"
                        }
                    }
                ],
                "requestBody": {
                    "description": "Request for application/json",
                    "content": {
                        "application/json": {
                            "schema": {
                                "$ref": "#/components/schemas/PostReprocessRequest"
                            },
                            "examples": {
                                "vb": {
                                    "summary": "Example stored by VB User",
                                    "externalValue": "./examples/reprocess/request_application_json_vb.json"
                                }
                            }
                        }
                    }
                },
                "responses": {},
                "x-vb": {
                    "actionHint": "update"
                }
            }
        }
    },
    "components": {
        "schemas": {
            "CLOB": {
                "type": "string"
            },
            "NUMBER": {
                "type": "number"
            },
            "TIMESTAMP": {
                "type": "string",
                "format": "date-time",
                "pattern": "^\\d{4}-[01]\\d-[0123]\\dT[012]\\d:[0-5]\\d:[0-5]\\d(.\\d+)?(Z|([-+][012]\\d:[0-5]\\d))$"
            },
            "VARCHAR2": {
                "type": "string"
            },
            "GetAllRuns": {
                "type": "object",
                "properties": {
                    "items": {
                        "type": "array",
                        "items": {
                            "type": "object",
                            "properties": {
                                "sequence_id": {
                                    "type": "integer"
                                },
                                "run_id": {
                                    "type": "string"
                                },
                                "parent_runid": {
                                    "nullable": true
                                },
                                "tracking_id1": {
                                    "type": "string"
                                },
                                "tracking_id2": {
                                    "type": "string"
                                },
                                "tracking_id3": {
                                    "type": "string"
                                },
                                "process_name": {
                                    "type": "string"
                                },
                                "process_status": {
                                    "type": "string"
                                },
                                "process_identifier": {
                                    "type": "string"
                                },
                                "retry_count": {
                                    "type": "integer"
                                },
                                "total_records": {
                                    "type": "integer"
                                },
                                "records_processed": {
                                    "type": "integer"
                                },
                                "records_faulted": {
                                    "type": "integer"
                                },
                                "source_filename": {

                                    "nullable": true
                                },
                                "target_filename": {

                                    "nullable": true
                                },
                                "payload": {
                                    "type": "string",
                                    "nullable": true
                                },
                                "source_system": {
                                    "type": "string"
                                },
                                "target_system": {
                                    "type": "string"
                                },
                                "end_point": {
                                    "type": "string"
                                },
                                "path_parameter": {
                                    "type": "string"
                                },
                                "process_creation_time": {
                                    "type": "string"
                                },
                                "last_updated_time": {
                                    "type": "string"
                                },
                                "error_logged_time": {
                                    "type": "string"
                                },
                                "transaction_id": {
                                    "type": "string"
                                }
                            }
                        }
                    },
                    "hasMore": {
                        "type": "boolean"
                    },
                    "limit": {
                        "type": "integer"
                    },
                    "offset": {
                        "type": "integer"
                    },
                    "count": {
                        "type": "integer"
                    },
                    "links": {
                        "type": "array",
                        "items": {
                            "type": "object",
                            "properties": {
                                "rel": {
                                    "type": "string"
                                },
                                "href": {
                                    "type": "string"
                                }
                            }
                        }
                    }
                }
            },
            "GetSearch": {
                "type": "object",
                "properties": {
                    "items": {
                        "type": "array",
                        "items": {
                            "type": "object",
                            "properties": {
                                "sequence_id": {
                                    "type": "integer"
                                },
                                "run_id": {
                                    "type": "string"
                                },
                                "parent_runid": {
                                    "nullable": true
                                },
                                "tracking_id1": {
                                    "type": "string"
                                },
                                "tracking_id2": {

                                    "nullable": true
                                },
                                "tracking_id3": {

                                    "nullable": true
                                },
                                "process_name": {
                                    "type": "string"
                                },
                                "process_status": {
                                    "type": "string"
                                },
                                "process_identifier": {
                                    "type": "string"
                                },
                                "retry_count": {
                                    "type": "integer"
                                },
                                "total_records": {
                                    "nullable": true
                                },
                                "records_processed": {
                                    "nullable": true
                                },
                                "records_faulted": {
                                    "nullable": true
                                },
                                "source_filename": {

                                    "nullable": true
                                },
                                "target_filename": {

                                    "nullable": true
                                },
                                "payload": {
                                    "type": "string"
                                },
                                "source_system": {
                                    "nullable": true
                                },
                                "target_system": {
                                    "nullable": true
                                },
                                "end_point": {
                                    "type": "string"
                                },
                                "path_parameter": {
                                    "type": "string"
                                },
                                "process_creation_time": {
                                    "type": "string"
                                },
                                "last_updated_time": {
                                    "type": "string"
                                },
                                "error_logged_time": {
                                    "type": "string"
                                },
                                "transaction_id": {
                                    "nullable": true
                                },
                                "headers": {
                                    "nullable": true
                                },
                                "http_method": {
                                    "nullable": true
                                },
                                "error_code": {
                                    "type": "string"
                                },
                                "error_msg": {
                                    "type": "string"
                                },
                                "reprocessing_flag": {
                                    "type": "string"
                                }
                            }
                        }
                    },
                    "hasMore": {
                        "type": "boolean"
                    },
                    "limit": {
                        "type": "integer"
                    },
                    "offset": {
                        "type": "integer"
                    },
                    "count": {
                        "type": "integer"
                    },
                    "links": {
                        "type": "array",
                        "items": {
                            "type": "object",
                            "properties": {
                                "rel": {
                                    "type": "string"
                                },
                                "href": {
                                    "type": "string"
                                }
                            }
                        }
                    }
                }
            },
            "PostReprocessRequest": {
                "type": "object",
                "properties": {
                    "modified_payload": {
                        "type": "string"
                    },
                    "reprocessed_run_id": {
                        "type": "string"
                    }
                }
            }
        }
    }
}