{
  "title": "",
  "description": "",
  "types": {

    "@decorators.getProcessNamesRespType": {
      "endpoint": "getProcessNames",
      "service": "Common",
      "path": "response"
    },
    "@decorators.getProcessStatusesRespType": {
      "endpoint": "getProcessStatuses",
      "service": "Common",
      "path": "response"
    },
    "@decorators.getSearchRespType": {
      "endpoint": "getSearch",
      "service": "Dashboard",
      "path": "response"
    },
    "@decorators.postResubmitICSReqType": {
      "endpoint": "postEHF_RESUBMISSIONSERVICE1_0Resubmission",
      "service": "ics",
      "path": "request"
    },
    "@decorators.reprocessUpdateReqType": {
      "endpoint": "reprocess",
      "service": "Dashboard",
      "path": "request"
    },
    "getProcessNamesRespType": {
      "id": "string",
      "value": "string"
    },
    "getProcessStatusesRespType": {
      "id": "string",
      "value": "string"
    },
    "getSearchRespType": {
      "end_point": "string",
      "error_id": "string",
      "error_logged_time": "string",
      "last_updated_time": "string",
      "parent_runid": "any",
      "path_parameter": "any",
      "payload": "string",
      "position_id": "string",
      "process_creation_time": "string",
      "process_identifier": "string",
      "process_name": "string",
      "process_status": "string",
      "records_faulted": "number",
      "records_processed": "number",
      "reprocessing_flag": "string",
      "retry_count": "number",
      "run_id": "string",
      "select": "boolean",
      "sequence_id": "number",
      "source_filename": "string",
      "source_system": "string",
      "target_filename": "string",
      "target_system": "string",
      "total_records": "number",
      "tracking_id1": "string",
      "tracking_id2": "string",
      "tracking_id3": "string",
      "transaction_id": "string",
      "headers": "string",
      "http_method": "string",
      "error_code": "string",
      "error_msg": "string"

    },
    "postResubmitICSReqType": {
      "InstanceId": "string",
      "ResubmissionFromUI": "string",
      "SequenceId": "number"
    },
    "reprocessUpdateReqType": {
      "modified_payload": "string",
      "reprocessed_run_id": "string"
    }

  },
  "variables": {
    "countOfSelectedRunIdVar": {
      "type": "number",
      "defaultValue": 0
    },
    "dialogTextVar": {
      "type": "string"
    },
    "dialogTitleVar": {
      "type": "string"
    },
    "getSearchRespADPVar": {
      "type": "vb/ArrayDataProvider",
      "defaultValue": {
        "itemType": "getSearchRespType",
        "keyAttributes": "sequence_id"
      }
    },
    "inputProcessNameVar": {
      "type": "string",
      "input": "fromUrl",
      "persisted": "none"
    },
    "isReSubmissionSuccessVar": {
      "type": "string"
    },
    "postResubmitICSReqVar": {
      "type": "postResubmitICSReqType"
    },
    "progressVar": {
      "type": "number",
      "defaultValue": 100
    },
    "reProcessDialogOpenVar": {
      "type": "boolean",
      "defaultValue": false
    },
    "reprocessUpdateVar": {
      "type": "reprocessUpdateReqType"
    },
    "searchFromDateVar": {
      "type": "any"
    },
    "searchParentRunIdVar": {
      "type": "string"
    },
    "searchProcessNameVar": {
      "type": "string"
    },
    "searchProcessStatusVar": {
      "type": "string"
    },
    "getProcessNamesRespArrayVar": {
      "type": "getProcessNamesRespType[]"
    },
    "getProcessStatusesRespArrayVar": {
      "type": "getProcessStatusesRespType[]"
    },
    "searchRunIdVar": {
      "type": "string"
    },
    "searchToDateVar": {
      "type": "any"
    },
    "selectedMenuAction": {
      "type": "string"
    },
    "selectedProcessInstances": {
      "type": [
        {
          "endpoint": "string",
          "headers": "string",
          "http_method": "string",
          "path_parameter": "string",
          "payload": "string",
          "process_identifier": "string",
          "process_name": "string",
          "reprocessing_flag": "string",
          "run_id": "string",
          "sequence_id": "string"

        }
      ]
    },
    "reprocessInstanceDetails": {
      "type": [
        {
          "reprocessedInstanceId": "string",
          "responseJSON": "string",
          "status": "string",
          "statusCode": "string",
          "statusText": "string"

        }
      ]
    }

  },
  "eventListeners": {
    "booleanCheckboxComponentValue2": {
      "chains": [
        {
          "chainId": "SelectCheckboxSwitchValue",
          "parameters": {
            "value": "{{ $event.detail.value }}",
            "key": "{{ $current.key }}",
            "index": "{{ $current.index }}",
            "current": "{{ $current }}"
          }
        }
      ]
    },
    "buttonAction": {
      "chains": [
        {
          "chainId": "SearchButtonActionChain"
        }
      ]
    },
    "buttonAction2": {
      "chains": [
        {
          "chainId": "ReSubmitButtonActionChain"
        }
      ]
    },
    "buttonAction3": {
      "chains": [
        {
          "chainId": "DialogConfirmButtonActionChain"
        }
      ]
    },
    "buttonAction4": {
      "chains": [
        {
          "chainId": "CancelReSubmitReProcessDialog"
        }
      ]
    },
    "buttonAction5": {
      "chains": [
        {
          "chainId": "ReProcessDialogConfirmButtonActionChain",
          "parameters": {
            "data": "[[ $event.detail.originalEvent ]]",
            "currInstanceData": "[[ $current.data ]]",
            "currInstanceIndex": "[[ $current.index ]]"
          }
        }
      ]
    },
    "buttonCloserAction": {
      "chains": [
        {
          "chainId": "CloseReprocessDrawerActionChain"
        }
      ]
    },
    "iconClick": {
      "chains": [
        {
          "chainId": "IconClickChain"
        }
      ]
    },
    "menuAction": {
      "chains": [
        {
          "chainId": "MenuActionChain",
          "parameters": {
            "menuId": "{{$event.target.value}}"
          }
        }
      ]
    },
    "tableSelected": {
      "chains": [
        {
          "chainId": "SelectCheckboxSwitchValue",
          "parameters": {
            "current": "[[ $event.detail.value.row ]]",
            "value": "[[ $event.detail.value ]]",
            "index": "[[ $event.detail.value.row.data.sequence_id ]]"
          }
        }
      ]
    },
    "vbEnter": {
      "chains": [
{
          "parameters": {},
          "chainId": "initializeDataActionChain"
        },
        {
          "parameters": {},
          "chainId": "updateProcessNameFromHomePieChart"
        }
      ]
    }

  },
  "metadata": {},
  "imports": {
    "components": {
      "oj-accordion": {
        "path": "ojs/ojaccordion"
      },
      "oj-button": {
        "path": "ojs/ojbutton"
      },
      "oj-checkboxset": {
        "path": "ojs/ojcheckboxset"
      },
      "oj-collapsible": {
        "path": "ojs/ojcollapsible"
      },
      "oj-combobox-one": {
        "path": "ojs/ojselectcombobox"
      },
      "oj-dialog": {
        "path": "ojs/ojdialog"
      },
      "oj-drawer-popup": {
        "path": "ojs/ojdrawerpopup"
      },
      "oj-form-layout": {
        "path": "ojs/ojformlayout"
      },
      "oj-highlight-text": {
        "path": "ojs/ojhighlighttext"
      },
      "oj-input-date": {
        "path": "ojs/ojdatetimepicker"
      },
      "oj-input-text": {
        "path": "ojs/ojinputtext"
      },
      "oj-menu": {
        "path": "ojs/ojmenu"
      },
      "oj-menu-button": {
        "path": "ojs/ojbutton"
      },
      "oj-option": {
        "path": "ojs/ojoption"
      },
      "oj-progress-bar": {
        "path": "ojs/ojprogress-bar"
      },
      "oj-sample-checkbox-switch": {
        "path": "oj-sample/checkbox-switch/loader"
      },
      "oj-table": {
        "path": "ojs/ojtable"
      },
      "oj-text-area": {
        "path": "ojs/ojinputtext"
      },
      "oj-toolbar": {
        "path": "ojs/ojtoolbar"
      },
      "oj-validation-group": {
        "path": "ojs/ojvalidationgroup"
      }

    }
  },
  "@dt": {
    "chains": {
      "ReprocessActionChain": {
        "showInDiagram": "navigationOnly"
      },
      "ReProcessDialogConfirmButtonActionChain": {
        "showInDiagram": "navigationOnly"
      }
    }
  }
}
