{
    "openapi": "3.0.0",
    "info": {
        "title": "Vaults Secret",
        "version": "1.0.0"
    },
    "servers": [
        {
            "url": "https://secrets.vaults.us-ashburn-1.oci.oraclecloud.com",
            "description": "Vault Secrets",
            "x-vb": {
                "authentication": {
                    "authenticated": {
                        "type": "http_signature_oci",
                        "credentials": "vb_08fe643b-5fab-43cc-8c44-c6289036e7f3"
                    }
                },
                "forceProxy": "cors"
            }
        }
    ],
    "paths": {
        "/20190301/secretbundles/{secretId}": {
            "parameters": [
                {
                    "name": "secretId",
                    "in": "path",
                    "required": true,
                    "schema": {
                        "type": "string"
                    },
                    "x-vb": {
                        "defaultValue": "ocid1.vaultsecret.oc1.iad.amaaaaaantxkdlyaw25mpom56hphg7fuhfpqtpatwfg456ryyy43wmqkbu6a"
                    }
                }
            ],
            "get": {
                "operationId": "secret",
                "responses": {
                    "default": {
                        "description": "Response for default",
                        "content": {
                            "application/json": {
                                "schema": {
                                    "$ref": "#/components/schemas/Get20190301SecretbundlesSecretId"
                                },
                                "examples": {
                                    "vb": {
                                        "summary": "Example stored by VB User",
                                        "externalValue": "./examples/secret/response_default_application_json_vb.json"
                                    }
                                }
                            }
                        }
                    }
                },
                "x-vb": {
                    "actionHint": "getOne",
                    "headers": {
                        "Accept": "application/json"
                    },
                    "queryParameters": {
                        "versionNumber": "3"
                    }
                }
            }
        }
    },
    "components": {
        "schemas": {
            "Get20190301SecretbundlesSecretId": {
                "type": "object",
                "properties": {
                    "secretId": {
                        "type": "string"
                    },
                    "timeCreated": {
                        "type": "string"
                    },
                    "versionNumber": {
                        "type": "integer"
                    },
                    "versionName": {
                        "nullable": true
                    },
                    "secretBundleContent": {
                        "type": "object",
                        "properties": {
                            "contentType": {
                                "type": "string"
                            },
                            "content": {
                                "type": "string"
                            }
                        }
                    },
                    "timeOfDeletion": {
                        "nullable": true
                    },
                    "timeOfExpiry": {
                        "nullable": true
                    },
                    "stages": {
                        "type": "array",
                        "items": {
                            "type": "string"
                        }
                    },
                    "metadata": {
                        "nullable": true
                    }
                }
            }
        }
    }
}