{
  "title": "",
  "description": "",
  "variables": {
    "autoRetryCheckboxSetVar": {
      "type": "any[]"
    },
    "batchNotificationCheckboxSetVar": {
      "type": "any[]"
    },
    "configButtonTextVar": {
      "type": "string"
    },
    "configRowDataVar": {
      "type": "getConfigType",
      "input": "fromCaller"
    },
    "configTextVar": {
      "type": "string"
    },
    "createButtonDisabledVar": {
      "type": "boolean",
      "defaultValue": false
    },
    "emailCheckBoxSetVar": {
      "type": "any[]"
    },
    "getCreateConfigADP": {
      "type": "vb/ArrayDataProvider2",
      "defaultValue": {
        "itemType": "getCreateConfig",
        "keyAttributes": "@value",
        "textFilterAttributes": [
          "process_identifier"
        ]
      }
    },
    "getIntegrationsListSDP2": {
      "type": "vb/ServiceDataProvider",
      "defaultValue": {
        "endpoint": "OICRestApi/getIntegrations",
        "keyAttributes": "name",
        "itemsPath": "items",
        "responseType": "getIntegrationsResponse2",
        "transformsContext": {
          "vb-textFilterAttributes": [
            "name"
          ]
        }
      },
      "input": "none"
    },
    "isDisabledVar": {
      "type": "boolean"
    },
    "getAllConfigsListResADPVar": {
      "type": "vb/ArrayDataProvider2",
      "defaultValue": {
        "itemType": "getAllConfigsResponseType"
      }
    },
    "getIntegrationsListSDP": {
      "type": "vb/ServiceDataProvider",
      "defaultValue": {
        "endpoint": "OICRestApi/getIntegrations",
        "keyAttributes": "@value",
        "itemsPath": "items",
        "responseType": "getIntegrationsResponse",
        "transformsContext": {
          "vb-textFilterAttributes": [
            "name"
          ]
        }
      }
    },
    "getDynamicConfigsListADP": {
      "type": "vb/ArrayDataProvider2",
      "defaultValue": {
        "endpoint": "Config/getAllConfigs",
        "keyAttributes": "@value",
        "itemsPath": "items",
        "responseType": "getAllDynamicConfigsResponse",
        "transformsContext": {
          "vb-textFilterAttributes": [
            "process_identifier"
          ]
        },
        "itemType": "getAllDynamicConfigsResponse"
      }
    },
    "menuIdVar": {
      "type": "string",
      "input": "fromUrl"
    },
    "nonIntrusiveCheckboxSetVar": {
      "type": "any[]"
    },
    "notificationCheckboxSetVar": {
      "type": "any[]"
    },
    "progressVar": {
      "type": "number"
    },
    "reprocessingCheckboxSetVar": {
      "type": "any[]"
    },
    "requiredVar": {
      "type": "boolean",
      "defaultValue": false
    },
    "searchProcessId": {
      "type": "string"
    },
    "slackCheckboxSetVar": {
      "type": "any[]"
    }

  },
  "metadata": {},
  "types": {
    "@decorators.getAllConfigs": {
      "endpoint": "getAllConfigs",
      "service": "Config",
      "path": "response"
    },
    "@decorators.getAllConfigsResponseType": {
      "endpoint": "getConfig",
      "service": "Config",
      "path": "response"
    },
    "@decorators.getConfigType": {
      "endpoint": "getConfig",
      "service": "Config",
      "path": "response"
    },
    "@decorators.getCreateConfig": {
      "endpoint": "getCreateConfig",
      "service": "Config",
      "path": "response-_-items[0]"
    },
    "@decorators.getDynamicConfigsListADP": {
      "endpoint": "getConfig",
      "service": "Config",
      "path": "response"
    },
    "@decorators.getIntegrationsResponse": {
      "endpoint": "getIntegrations",
      "service": "OICRestApi",
      "path": "response"
    },
    "@decorators.getIntegrationsResponse2": {
      "endpoint": "getIntegrations",
      "service": "OICRestApi",
      "path": "response"
    },
    "getAllConfigs": [
      {
        "items": [
          {
            "auto_retry": "string",
            "batch_notification_flag": "string",
            "email_enabled": "string",
            "process_identifier": "string",
            "process_name": "string",
            "reprocessing_flag": "string",
            "retry_count": "number",
            "retry_interval": "number",
            "send_notification_flag": "string",
            "slack_channel": "string",
            "slack_enabled": "string",
            "to_email": "string"
          }
        ]
      }
    ],
    "getAllConfigsResponseType": {
      "auto_retry": "string",
      "batch_notification_flag": "string",
      "email_enabled": "string",
      "process_identifier": "string",
      "process_name": "string",
      "reprocessing_flag": "string",
      "retry_count": "number",
      "retry_interval": "number",
      "send_notification_flag": "string",
      "slack_channel": "any",
      "slack_enabled": "string",
      "to_email": "any"
    },
    "getAllDynamicConfigsResponse": {
      "process_identifier": "string",
      "process_name": "string"
    },
    "getConfigType": {
      "auth_type": "string",
      "auto_retry": "string",
      "batch_notification_flag": "string",
      "email_enabled": "string",
      "non_intrusive": "string",
      "process_identifier": "string",
      "process_name": "string",
      "reprocessing_flag": "string",
      "retry_count": "number",
      "retry_interval": "number",
      "send_notification_flag": "string",
      "sequence_id": "number",
      "slack_channel": "string",
      "slack_enabled": "string",
      "to_email": "string"

    },
    "getCreateConfig": {
      "auto_retry": "string",
      "batch_notification_flag": "string",
      "email_enabled": "string",
      "process_identifier": "string",
      "process_name": "string",
      "reprocessing_flag": "string",
      "retry_count": "number",
      "retry_interval": "number",
      "send_notification_flag": "string",
      "slack_channel": "string",
      "slack_enabled": "string",
      "to_email": "string"
    },
    "getIntegrationsResponse": {
      "items": [
        {
          "code": "string",
          "id": "string",
          "name": "string"

        }
      ]
    },
    "getIntegrationsResponse2": {
      "items": [
        {
          "code": "string",
          "name": "string",
          "version": "string"

        }
      ]
    }
  },
  "eventListeners": {
    "autoRetryCheckboxSetValue": {
      "chains": [
        {
          "chainId": "NonIntrusiveCheckboxSetValueChangeChain",
          "parameters": {
            "value": "{{ $event.detail.value }}"
          }
        }
      ]
    },
    "autoRetryCreateCheckboxSetValue": {
      "chains": [
        {
          "chainId": "AutoRetryCreateCheckboxSetValueChangeChain",
          "parameters": {
            "value": "{{ $event.detail.value }}"
          }
        }
      ]
    },
    "backtButtonAction": {
      "chains": [
        {
          "chainId": "BackButtonActionChain"
        }
      ]
    },
    "batchNotifCheckboxSetValue": {
      "chains": [
        {
          "chainId": "BatchNotifCheckboxSetValueChangeChain",
          "parameters": {
            "value": "{{ $event.detail.value }}"
          }
        }
      ]
    },
    "buttonAction": {
      "chains": [
        {
          "chainId": "CreateSaveButtonActionChain"
        }
      ]
    },
    "buttonAction2": {
      "chains": [
        {
          "chainId": "AutoRetryOKButtonActionChain"
        }
      ]
    },
    "checkboxSetValue": {
      "chains": [
        {
          "chainId": "SlackEnabledCheckboxSetValueChangeChain",
          "parameters": {
            "value": "{{ $event.detail.value }}"
          }
        }
      ]
    },
    "checkboxSetValue2": {
      "chains": [
        {
          "chainId": "EditConfigChkboxValueChangeChain",
          "parameters": {
            "value": "{{ $event.detail.value }}"
          }
        }
      ]
    },
    "comboValue": {
      "chains": [
        {
          "chainId": "ProcessNameComboValueChangeChain",
          "parameters": {
            "value": "[[ $event.detail.value ]]",
            "processNameInput": "[[ $event.detail.data.label]]",
            "processVersionInput": "[[ $event.detail.data.version ]]"
          }
        }
      ]
    },
    "emailEnabledCheckboxSetValue": {
      "chains": [
        {
          "chainId": "EmailEnabledCheckboxSetValueChangeChain",
          "parameters": {
            "value": "{{ $event.detail.value }}"
          }
        }
      ]
    },
    "nonIntrusiveCheckboxSetValue": {
      "chains": [
        {
          "chainId": "NonIntrusiveCheckboxSetValueChangeChain",
          "parameters": {
            "value": "{{ $event.detail.value }}"
          }
        }
      ]
    },
    "notificationCreateCheckboxSetValue": {
      "chains": [
        {
          "chainId": "NotificationCreateCheckboxSetValueChangeChain",
          "parameters": {
            "value": "{{ $event.detail.value }}"
          }
        }
      ]
    },
    "notificationEnabledCheckboxSetValue": {
      "chains": [
        {
          "chainId": "NotificationEnabledCheckboxSetValueChangeChain",
          "parameters": {
            "value": "{{ $event.detail.value }}"
          }
        }
      ]
    },
    "processCreateNameValueAction": {
      "chains": [
        {
          "chainId": "SetProcessIdCreateActionChain",
          "parameters": {
            "value": "{{$event.detail.value}}",
            "itemContext": "{{$event.detail.itemContext}}"
          }
        }
      ]
    },
    "reprocessingEnabledCheckboxSetValue": {
      "chains": [
        {
          "chainId": "ReprocessingEnabledCheckboxSetValueChangeChain",
          "parameters": {
            "value": "{{ $event.detail.value }}"
          }
        }
      ]
    },
    "vbEnter": {
      "chains": [
{
          "chainId": "PageVbEnterChain",
          "parameters": {
            "menuIdVbEnterVar": "{{ $variables.menuIdVar }}"
          }
        }
      ],
      "@dt": {
        "showInDiagram": "on"
      }
    }

  },
  "imports": {
    "components": {
      "oj-button": {
        "path": "ojs/ojbutton"
      },
      "oj-checkboxset": {
        "path": "ojs/ojcheckboxset"
      },
      "oj-combobox-one": {
        "path": "ojs/ojselectcombobox"
      },
      "oj-dialog": {
        "path": "ojs/ojdialog"
      },
      "oj-form-layout": {
        "path": "ojs/ojformlayout"
      },
      "oj-highlight-text": {
        "path": "ojs/ojhighlighttext"
      },
      "oj-input-number": {
        "path": "ojs/ojinputnumber"
      },
      "oj-input-search": {
        "path": "ojs/ojinputsearch"
      },
      "oj-input-text": {
        "path": "ojs/ojinputtext"
      },
      "oj-label": {
        "path": "ojs/ojlabel"
      },
      "oj-option": {
        "path": "ojs/ojoption"
      },
      "oj-sample-checkbox-switch": {
        "path": "oj-sample/checkbox-switch/loader"
      },
      "oj-sample-tooltip": {
        "path": "oj-sample/tooltip/loader"
      },
      "oj-switch": {
        "path": "ojs/ojswitch"
      },
      "oj-text-area": {
        "path": "ojs/ojinputtext"
      },
      "oj-validation-group": {
        "path": "ojs/ojvalidationgroup"
      }

    },
    "modules": {
      "ojValidationBase": {
        "path": "ojs/ojvalidation-base"
      }
    }
  }
}