{
  "title": "",
  "description": "",
  "variables": {
    "configRowDataVar": {
      "type": "getAllConfigsResponseType"
    },
    "getAllConfigsListRespADPVar": {
      "type": "vb/ArrayDataProvider2",
      "defaultValue": {
        "keyAttributes": "process_identifier",
        "itemsPath": "items",
        "responseType": "getAllConfigsResponseType",
        "itemType": "getAllConfigsResponseType",
        "fetchChainId": "getFilterConfigsFetchAction"
      }
    },
    "getDynamicConfigsListADP": {
      "type": "vb/ArrayDataProvider2",
      "defaultValue": {
        "endpoint": "Config/getAllConfigs",
        "keyAttributes": "@value",
        "itemsPath": "items",
        "responseType": "getAllDynamicConfigsResponse",
        "transformsContext": {
          "vb-textFilterAttributes": [
            "process_identifier"
          ]
        },
        "itemType": "getAllDynamicConfigsResponse"
      }
    },
    "isDisabledVar": {
      "type": "boolean"
    },
    "progressVar": {
      "type": "number",
      "defaultValue": 100
    },
    "searchProcessId": {
      "type": "string",
      "input": "none"
    }

  },
  "metadata": {},
  "types": {
    "@decorators.configsType": {
      "endpoint": "getAllConfigs",
      "service": "Config",
      "path": "response"
    },
    "@decorators.getAllConfigsResponse": {
      "endpoint": "getAllConfigs",
      "service": "Config",
      "path": "response"
    },
    "@decorators.getAllConfigsResponseType": {
      "endpoint": "getAllConfigs",
      "service": "Config",
      "path": "response"
    },
    "@decorators.getAllDynamicConfigsResponse": {
      "endpoint": "getAllConfigs",
      "service": "Config",
      "path": "response"
    },
    "configsType": {
      "items": [
        {
          "auto_retry": "string",
          "batch_notification_flag": "string",
          "email_enabled": "string",
          "process_identifier": "string",
          "process_name": "string",
          "reprocessing_flag": "string",
          "retry_count": "number",
          "retry_interval": "number",
          "send_notification_flag": "string",
          "sequence_id": "number",
          "slack_channel": "string",
          "slack_enabled": "string",
          "to_email": "string"
        }
      ]
    },
   
    "getAllConfigsResponseType": {
      "auth_type": "string",
      "auto_retry": "string",
      "batch_notification_flag": "string",
      "email_enabled": "string",
      "non_intrusive": "string",
      "process_identifier": "string",
      "process_name": "string",
      "reprocessing_flag": "string",
      "retry_count": "number",
      "retry_interval": "number",
      "send_notification_flag": "string",
      "slack_channel": "string",
      "slack_enabled": "string",
      "to_email": "string"

    },
    "getAllDynamicConfigsResponse": {
      "process_identifier": "string",
      "process_name": "string"
    }

  },
  "eventListeners": {
    "buttonAction": {
      "chains": [
        {
          "chainId": "DeleteConfigButtonActionChain"
        }
      ]
    },
    "clearButtonAction": {
      "chains": [
        {
          "chainId": "ClearButtonActionChain"
        }
      ]
    },
    "comboValue": {
      "chains": [
        {
          "chainId": "getFilterConfigsFetchAction"
        }
      ]
    },
    "comboValue2": {
      "chains": [
        {
          "chainId": "FilterProcessComboValueChangeChain",
          "parameters": {
            "value": "{{ $event.detail.value }}"
          }
        }
      ]
    },
    "processNameValueAction": {
      "chains": [
        {
          "chainId": "getFilterConfigsFetchAction",
          "parameters": {
            "configuration": "[[ $event.detail.value ]]"
          }
        }
      ]
    },
    "tableFirstSelectedRow": {
      "chains": [
        {
          "chainId": "TableFirstSelectedRowChangeChain",
          "parameters": {
            "rowKey": "{{$event.detail.value.key}}",
            "rowData": "{{$event.detail.value.data}}"
          }
        }
      ]
    },
    "tableMenuAction": {
      "chains": [
        {
          "chainId": "MenuActionChain",
          "parameters": {
            "menuId": "{{$event.target.value}}"
          }
        }
      ]
    },
    "vbEnter": {
      "chains": [
        {
          "chainId": "getFilterConfigsFetchAction"
        }
      ]
    }

  },
  "imports": {
    "components": {
      "oj-button": {
        "path": "ojs/ojbutton"
      },
      "oj-buttonset-many": {
        "path": "ojs/ojbutton"
      },
      "oj-combobox-one": {
        "path": "ojs/ojselectcombobox"
      },
      "oj-dialog": {
        "path": "ojs/ojdialog"
      },
      "oj-form-layout": {
        "path": "ojs/ojformlayout"
      },
      "oj-highlight-text": {
        "path": "ojs/ojhighlighttext"
      },
      "oj-input-date": {
        "path": "ojs/ojdatetimepicker"
      },
      "oj-input-search": {
        "path": "ojs/ojinputsearch"
      },
      "oj-input-text": {
        "path": "ojs/ojinputtext"
      },
      "oj-label": {
        "path": "ojs/ojlabel"
      },
      "oj-list-item-layout": {
        "path": "ojs/ojlistitemlayout"
      },
      "oj-list-view": {
        "path": "ojs/ojlistview"
      },
      "oj-menu": {
        "path": "ojs/ojmenu"
      },
      "oj-menu-button": {
        "path": "ojs/ojbutton"
      },
      "oj-messages": {
        "path": "ojs/ojmessages"
      },
      "oj-option": {
        "path": "ojs/ojoption"
      },
      "oj-progress-bar": {
        "path": "ojs/ojprogress-bar"
      },
      "oj-sample-checkbox-switch": {
        "path": "oj-sample/checkbox-switch/loader"
      },
      "oj-sample-export-data": {
        "path": "oj-sample/export-data/loader"
      },
      "oj-table": {
        "path": "ojs/ojtable"
      },
      "oj-toolbar": {
        "path": "ojs/ojtoolbar"
      },
      "oj-validation-group": {
        "path": "ojs/ojvalidationgroup"
      }

    }
  }
}
