{
    "items": [
        {
            "sequence_id": 42,
            "run_id": "6400051",
            "parent_runid": null,
            "tracking_id1": "POST",
            "tracking_id2": null,
            "tracking_id3": null,
            "process_name": "OICSOAPPOC",
            "process_status": "ERRORED",
            "process_identifier": "OICSOAPPOC",
            "retry_count": 1,
            "total_records": null,
            "records_processed": null,
            "records_faulted": null,
            "source_filename": null,
            "target_filename": null,
            "payload": "            {\"name\": \"vikas\"}        ",
            "source_system": null,
            "target_system": null,
            "end_point": "https://cxintegrationinstance-orasenatdoracledigital01-ia.integration.ocp.oraclecloud.com:443/ic/api/integration/v1/flows/rest/OICSOAPPOC/1.0/metadata",
            "path_parameter": null,
            "process_creation_time": "2023-02-01T10:25:00.488Z",
            "last_updated_time": "2023-02-01T10:27:33.258Z",
            "error_logged_time": "2023-02-01T10:25:01.417Z",
            "transaction_id": null
        },
        {
            "sequence_id": 52,
            "run_id": "6400205",
            "parent_runid": null,
            "tracking_id1": "POST",
            "tracking_id2": null,
            "tracking_id3": null,
            "process_name": "OICSOAPPOC",
            "process_status": "ERRORED",
            "process_identifier": "OICSOAPPOC",
            "retry_count": 1,
            "total_records": null,
            "records_processed": null,
            "records_faulted": null,
            "source_filename": null,
            "target_filename": null,
            "payload": "            {\"name\": \"vikas\"}        ",
            "source_system": null,
            "target_system": null,
            "end_point": "https://cxintegrationinstance-orasenatdoracledigital01-ia.integration.ocp.oraclecloud.com:443/ic/api/integration/v1/flows/rest/OICSOAPPOC/1.0/getpayload",
            "path_parameter": null,
            "process_creation_time": "2023-02-13T07:59:17.341Z",
            "last_updated_time": "2023-02-13T08:00:50.137Z",
            "error_logged_time": "2023-02-13T07:59:17.485Z",
            "transaction_id": null
        },
        {
            "sequence_id": 49,
            "run_id": "6000147",
            "parent_runid": null,
            "tracking_id1": "POST",
            "tracking_id2": null,
            "tracking_id3": null,
            "process_name": "OICSOAPPOC",
            "process_status": "ERRORED",
            "process_identifier": "OICSOAPPOC",
            "retry_count": 1,
            "total_records": null,
            "records_processed": null,
            "records_faulted": null,
            "source_filename": null,
            "target_filename": null,
            "payload": "{\"name\":\"vikas\"}",
            "source_system": null,
            "target_system": null,
            "end_point": "https://cxintegrationinstance-orasenatdoracledigital01-ia.integration.ocp.oraclecloud.com:443/ic/api/integration/v1/flows/rest/OICSOAPPOC/1.0/metadata",
            "path_parameter": null,
            "process_creation_time": "2023-02-09T16:39:44.547Z",
            "last_updated_time": "2023-02-09T16:41:10.645Z",
            "error_logged_time": "2023-02-09T16:39:44.957Z",
            "transaction_id": null
        },
        {
            "sequence_id": 1,
            "run_id": "123456",
            "parent_runid": null,
            "tracking_id1": "abc",
            "tracking_id2": "123",
            "tracking_id3": null,
            "process_name": "Create Customer Interface",
            "process_status": "ERROR",
            "process_identifier": "CREATE_CUST_INTERFACE",
            "retry_count": 0,
            "total_records": 1,
            "records_processed": 0,
            "records_faulted": 1,
            "source_filename": null,
            "target_filename": null,
            "payload": null,
            "source_system": null,
            "target_system": null,
            "end_point": "CREATE_CUST_INTERFACE",
            "path_parameter": "customer_id=234",
            "process_creation_time": "2022-12-27T20:37:55.913Z",
            "last_updated_time": "2023-02-03T05:38:04.750Z",
            "error_logged_time": "2022-12-27T22:38:10.546Z",
            "transaction_id": null
        },
        {
            "sequence_id": 2,
            "run_id": "789012",
            "parent_runid": null,
            "tracking_id1": "xyz",
            "tracking_id2": null,
            "tracking_id3": null,
            "process_name": "Project FBDI Load",
            "process_status": "ERROR",
            "process_identifier": "PROJ_FBDI_LOAD",
            "retry_count": 1,
            "total_records": 100,
            "records_processed": 60,
            "records_faulted": 40,
            "source_filename": null,
            "target_filename": null,
            "payload": null,
            "source_system": null,
            "target_system": null,
            "end_point": "PROJ_FBDI_LOAD",
            "path_parameter": "project_id=987",
            "process_creation_time": "2022-12-21T20:40:02.911Z",
            "last_updated_time": "2023-02-01T06:15:04.750Z",
            "error_logged_time": "2022-12-21T22:40:11.437Z",
            "transaction_id": null
        },
        {
            "sequence_id": 38,
            "run_id": "6400050",
            "parent_runid": null,
            "tracking_id1": "POST",
            "tracking_id2": null,
            "tracking_id3": null,
            "process_name": "OICSOAPPOC",
            "process_status": "ERRORED",
            "process_identifier": "OICSOAPPOC",
            "retry_count": 1,
            "total_records": null,
            "records_processed": null,
            "records_faulted": null,
            "source_filename": null,
            "target_filename": null,
            "payload": "            {\"name\": \"vikas\"}        ",
            "source_system": null,
            "target_system": null,
            "end_point": "https://cxintegrationinstance-orasenatdoracledigital01-ia.integration.ocp.oraclecloud.com:443/ic/api/integration/v1/flows/rest/OICSOAPPOC/1.0/metadata",
            "path_parameter": null,
            "process_creation_time": "2023-02-01T10:21:12.825Z",
            "last_updated_time": "2023-02-01T10:23:23.529Z",
            "error_logged_time": "2023-02-01T10:21:15.035Z",
            "transaction_id": null
        },
        {
            "sequence_id": 35,
            "run_id": "6000026",
            "parent_runid": null,
            "tracking_id1": "1",
            "tracking_id2": "2",
            "tracking_id3": "3",
            "process_name": "OICSOAPPOC",
            "process_status": "ERRORED",
            "process_identifier": "OICSOAPPOC",
            "retry_count": 1,
            "total_records": null,
            "records_processed": null,
            "records_faulted": null,
            "source_filename": null,
            "target_filename": null,
            "payload": "hello",
            "source_system": "ERP",
            "target_system": "DB",
            "end_point": "https://cxintegrationinstance-orasenatdoracledigital01-ia.integration.ocp.oraclecloud.com/ic/api/integration/v1/flows/rest/ERROR_HANDLING_SERVICE/1.0/ehf",
            "path_parameter": null,
            "process_creation_time": "2022-12-22T11:30:00Z",
            "last_updated_time": "2023-02-01T07:00:00.750Z",
            "error_logged_time": "2022-12-22T11:30:50Z",
            "transaction_id": "ABC123"
        },
        {
            "sequence_id": 50,
            "run_id": "6000149",
            "parent_runid": null,
            "tracking_id1": "POST",
            "tracking_id2": null,
            "tracking_id3": null,
            "process_name": "OICSOAPPOC",
            "process_status": "ERRORED",
            "process_identifier": "OICSOAPPOC",
            "retry_count": 1,
            "total_records": null,
            "records_processed": null,
            "records_faulted": null,
            "source_filename": null,
            "target_filename": null,
            "payload": "{\"name\":\"vikas\"}",
            "source_system": null,
            "target_system": null,
            "end_point": "https://cxintegrationinstance-orasenatdoracledigital01-ia.integration.ocp.oraclecloud.com:443/ic/api/integration/v1/flows/rest/OICSOAPPOC/1.0/metadata",
            "path_parameter": null,
            "process_creation_time": "2023-02-09T17:14:04.695Z",
            "last_updated_time": "2023-02-09T17:16:47.863Z",
            "error_logged_time": "2023-02-09T17:14:05.695Z",
            "transaction_id": null
        },
        {
            "sequence_id": 39,
            "run_id": "6000066",
            "parent_runid": null,
            "tracking_id1": "POST",
            "tracking_id2": null,
            "tracking_id3": null,
            "process_name": "SOAP_INT",
            "process_status": "ERRORED",
            "process_identifier": "OICSOAPPOC",
            "retry_count": 1,
            "total_records": null,
            "records_processed": null,
            "records_faulted": null,
            "source_filename": null,
            "target_filename": null,
            "payload": "            {\"name\": \"vikas\"}        ",
            "source_system": null,
            "target_system": null,
            "end_point": "https://cxintegrationinstance-orasenatdoracledigital01-ia.integration.ocp.oraclecloud.com:443/ic/api/integration/v1/flows/rest/OICSOAPPOC/1.0/metadata",
            "path_parameter": null,
            "process_creation_time": "2023-02-03T09:06:27.572Z",
            "last_updated_time": "2023-02-03T09:07:13.203Z",
            "error_logged_time": "2023-02-03T09:06:28.143Z",
            "transaction_id": null
        },
        {
            "sequence_id": 37,
            "run_id": "123",
            "parent_runid": null,
            "tracking_id1": "trackingId1",
            "tracking_id2": "trackingId2",
            "tracking_id3": "trackingId3",
            "process_name": "Project FBDI Load",
            "process_status": "ERRORED",
            "process_identifier": "PROJ_FBDI_LOAD",
            "retry_count": 1,
            "total_records": null,
            "records_processed": null,
            "records_faulted": null,
            "source_filename": null,
            "target_filename": null,
            "payload": "hello",
            "source_system": null,
            "target_system": null,
            "end_point": "https://cxintegrationinstance-orasenatdoracledigital01-ia.integration.ocp.oraclecloud.com/ic/api/integration/v1/flows/rest/ERROR_HANDLING_SERVICE/1.0/ehf",
            "path_parameter": null,
            "process_creation_time": "2022-12-22T11:30:00Z",
            "last_updated_time": "2023-02-01T08:00:00.750Z",
            "error_logged_time": "2022-12-22T11:30:50Z",
            "transaction_id": null
        },
        {
            "sequence_id": 41,
            "run_id": "6000161",
            "parent_runid": null,
            "tracking_id1": "POST",
            "tracking_id2": null,
            "tracking_id3": null,
            "process_name": "OICTEST",
            "process_status": "ERRORED",
            "process_identifier": "OICTEST",
            "retry_count": 1,
            "total_records": null,
            "records_processed": null,
            "records_faulted": null,
            "source_filename": null,
            "target_filename": null,
            "payload": "            {\"name\": \"vikas\"}        ",
            "source_system": null,
            "target_system": null,
            "end_point": "https://cxintegrationinstance-orasenatdoracledigital01-ia.integration.ocp.oraclecloud.com:443/ic/api/integration/v1/flows/rest/OICTEST/1.0/getpayload",
            "path_parameter": null,
            "process_creation_time": "2023-01-31T15:15:29.344Z",
            "last_updated_time": "2023-03-01T09:00:00.750Z",
            "error_logged_time": "2023-01-31T15:15:30.447Z",
            "transaction_id": null
        },
        {
            "sequence_id": 55,
            "run_id": "6000265",
            "parent_runid": null,
            "tracking_id1": "POST",
            "tracking_id2": null,
            "tracking_id3": null,
            "process_name": "OICSOAPPOC",
            "process_status": "ERRORED",
            "process_identifier": "OICSOAPPOC",
            "retry_count": 1,
            "total_records": null,
            "records_processed": null,
            "records_faulted": null,
            "source_filename": null,
            "target_filename": null,
            "payload": "{\"name\":\"vikas\"}",
            "source_system": null,
            "target_system": null,
            "end_point": "https://cxintegrationinstance-orasenatdoracledigital01-ia.integration.ocp.oraclecloud.com:443/ic/api/integration/v1/flows/rest/OICSOAPPOC/1.0/getpayload",
            "path_parameter": null,
            "process_creation_time": "2023-02-16T09:56:33.954Z",
            "last_updated_time": "2023-02-16T09:59:23.189Z",
            "error_logged_time": "2023-02-16T09:56:34.854Z",
            "transaction_id": null
        },
        {
            "sequence_id": 60,
            "run_id": "6000268",
            "parent_runid": null,
            "tracking_id1": "POST",
            "tracking_id2": null,
            "tracking_id3": null,
            "process_name": "OICSOAPPOC",
            "process_status": "ERRORED",
            "process_identifier": "OICSOAPPOC",
            "retry_count": 1,
            "total_records": null,
            "records_processed": null,
            "records_faulted": null,
            "source_filename": null,
            "target_filename": null,
            "payload": "{\"name\":\"vikas\"}",
            "source_system": null,
            "target_system": null,
            "end_point": "https://cxintegrationinstance-orasenatdoracledigital01-ia.integration.ocp.oraclecloud.com:443/ic/api/integration/v1/flows/rest/OICSOAPPOC/1.0/getpayload",
            "path_parameter": null,
            "process_creation_time": "2023-02-16T11:08:03.826Z",
            "last_updated_time": "2023-02-16T11:10:03.009Z",
            "error_logged_time": "2023-02-16T11:08:04.479Z",
            "transaction_id": null
        }
    ],
    "hasMore": false,
    "limit": 1000,
    "offset": 0,
    "count": 13,
    "links": [
        {
            "rel": "self",
            "href": "https://gc380b1ec18fe48-errordb.adb.ap-mumbai-1.oraclecloudapps.com/ords/nactoic/ehfdashboard/allRuns"
        },
        {
            "rel": "describedby",
            "href": "https://gc380b1ec18fe48-errordb.adb.ap-mumbai-1.oraclecloudapps.com/ords/nactoic/metadata-catalog/ehfdashboard/item"
        },
        {
            "rel": "first",
            "href": "https://gc380b1ec18fe48-errordb.adb.ap-mumbai-1.oraclecloudapps.com/ords/nactoic/ehfdashboard/allRuns"
        }
    ]
}