{
    "items": [
        {
            "sequence_id": 1,
            "process_identifier": "CREATE_CUST_INTERFACE",
            "process_name": "CREATE_CUST_INTERFACE",
            "auto_retry": "Y",
            "retry_count": 4,
            "retry_interval": 10,
            "reprocessing_flag": "Y",
            "send_notification_flag": "Y",
            "batch_notification_flag": "N",
            "email_enabled": "N",
            "slack_enabled": "N",
            "to_email": null,
            "slack_channel": null,
"non_intrusive":"N",
"auth_type":""
        },
        {
            "sequence_id": 81,
            "process_identifier": "CREATE_CUST_INTERFACE_NEW",
            "process_name": "Create Customer Interface New",
            "auto_retry": "N",
            "retry_count": 3,
            "retry_interval": 10,
            "reprocessing_flag": "Y",
            "send_notification_flag": "Y",
            "batch_notification_flag": "N",
            "email_enabled": "Y",
            "slack_enabled": "N",
            "to_email": "abc@example.com",
            "slack_channel": "OIC",
"non_intrusive":"N",
"auth_type":""
        }
    ],
    "hasMore": false,
    "limit": 1000,
    "offset": 0,
    "count": 2,
    "links": [
        {
            "rel": "self",
            "href": "https://gc380b1ec18fe48-errordb.adb.ap-mumbai-1.oraclecloudapps.com/ords/nactoic/ehfconfig/getCreateConfig?process_identifier=CREATE_CUST_INTERFACE"
        },
        {
            "rel": "describedby",
            "href": "https://gc380b1ec18fe48-errordb.adb.ap-mumbai-1.oraclecloudapps.com/ords/nactoic/metadata-catalog/ehfconfig/item"
        },
        {
            "rel": "first",
            "href": "https://gc380b1ec18fe48-errordb.adb.ap-mumbai-1.oraclecloudapps.com/ords/nactoic/ehfconfig/getCreateConfig?process_identifier=CREATE_CUST_INTERFACE"
        }
    ]
}