{
    "openapi": "3.0.0",
    "info": {
        "version": "v01",
        "title": "EHF_RESUBMISSIONSERVICE",
        "x-vb": {
            "serviceType": "ics"
        }
    },
    "servers": [
        {
            "url": "vb-catalog://backends/ics/ic/api/integration/v1/flows/rest"
        }
    ],
    "paths": {
        "/EHF_RESUBMISSIONSERVICE/1.0/resubmission": {
            "post": {
                "tags": [
                    "com.framework.errorhandling/EHF_RESUBMISSIONSERVICE|01.00.0000",
                    "com.framework.errorhandling"
                ],
                "operationId": "postEHF_RESUBMISSIONSERVICE1_0Resubmission",
                "parameters": [],
                "requestBody": {
                    "content": {
                        "application/json": {
                            "schema": {
                                "$ref": "#/components/schemas/request-wrapper"
                            }
                        }
                    },
                    "required": false
                },
                "responses": {
                    "204": {
                        "description": "No content defined for this response"
                    }
                },
                "security": [
                    {
                        "oauth2Authentication": []
                    },
                    {
                        "basicAuthentication": []
                    }
                ]
            }
        }
    },
    "components": {
        "schemas": {
            "request-wrapper": {
                "type": "object",
                "required": [
                    "InstanceId",
                    "ResubmissionFromUI"                    ,
                    "SequenceId"
                ],
                "properties": {
                    "InstanceId": {
                        "type": "string"
                    },
                    "SequenceId": {
                        "type": "number"
                    },
                    "ResubmissionFromUI": {
                        "type": "string"
                    }
                }
            }
        }
    }
}