{
    "items": [
        {
            "id": "ERROR",
            "value": "ERROR"
        },
        {
            "id": "FAILED",
            "value": "FAILED"
        }
    ],
    "hasMore": false,
    "limit": 20,
    "offset": 0,
    "count": 2,
    "links": [
        {
            "rel": "self",
            "href": "https://gc380b1ec18fe48-errordb.adb.ap-mumbai-1.oraclecloudapps.com/ords/nactoic/ehfcommon/processStatuses"
        },
        {
            "rel": "describedby",
            "href": "https://gc380b1ec18fe48-errordb.adb.ap-mumbai-1.oraclecloudapps.com/ords/nactoic/metadata-catalog/ehfcommon/item"
        },
        {
            "rel": "first",
            "href": "https://gc380b1ec18fe48-errordb.adb.ap-mumbai-1.oraclecloudapps.com/ords/nactoic/ehfcommon/processStatuses"
        }
    ]
}