{
  "description": "",
  "root": "resetVariablesSearchProcessId",
  "actions": {
    "resetVariablesSearchProcessId": {
      "module": "vb/action/builtin/resetVariablesAction",
      "parameters": {
        "variables": [
          "$page.variables.searchProcessId"
        ]
      },
      "outcomes": {
        "success": "callChainGetFilterConfigsFetchAction"
      }
    },
    "callChainGetFilterConfigsFetchAction": {
      "module": "vb/action/builtin/callChainAction",
      "parameters": {
        "id": "getFilterConfigsFetchAction"
      }
    }
  },
  "variables": {}
}