{
  "description": "",
  "root": "assignProgressVar",
  "actions": {
    "fireNotification": {
      "module": "vb/action/builtin/fireNotificationEventAction",
      "parameters": {
        "target": "leaf",
        "summary": "[[ $chain.results.callRestDeleteConfig.message.summary ]]",
        "type": "error",
        "displayMode": "persist"
      }
    },
    "callComponentOjDialogDeleteRowTableClose": {
      "module": "vb/action/builtin/callComponentMethodAction",
      "parameters": {
        "component": "{{ document.getElementById('oj-dialog-deleteRowTable') }}",
        "method": "close"
      },
      "outcomes": {
        "success": "callRestDeleteConfig"
      }
    },
    "callRestDeleteConfig": {
      "module": "vb/action/builtin/restAction",
      "parameters": {
        "endpoint": "Config/deleteConfig",
        "uriParams": {
          "process_identifier": "{{ $page.variables.configRowDataVar.process_identifier }}"
        }
      },
      "outcomes": {
        "failure": "fireNotification",
        "success": "assignVariablesProgressVar"
      }
    },
    "assignProgressVar": {
      "module": "vb/action/builtin/assignVariablesAction",
      "parameters": {
        "$page.variables.progressVar": {
          "source": "-1"
        }
      },
      "outcomes": {
        "success": "callComponentOjDialogDeleteRowTableClose"
      }
    },
    "assignVariablesProgressVar": {
      "module": "vb/action/builtin/assignVariablesAction",
      "parameters": {
        "$page.variables.progressVar": {
          "source": "100"
        }
      },
      "outcomes": {
        "success": "resetVariablesGetAllConfigsListRespADPVar"
      }
    },
    "resetVariablesGetAllConfigsListRespADPVar": {
      "module": "vb/action/builtin/resetVariablesAction",
      "parameters": {
        "variables": [
          "$page.variables.getAllConfigsListRespADPVar"
        ]
      },
      "outcomes": {
        "success": "callRestGetAllConfigs"
      }
    },
    "fireNotification2": {
      "module": "vb/action/builtin/fireNotificationEventAction",
      "parameters": {
        "target": "leaf",
        "summary": "[[ $chain.results.callRestGetAllConfigs.message.summary ]]",
        "type": "error",
        "displayMode": "persist"
      }
    },
    "callRestGetAllConfigs": {
      "module": "vb/action/builtin/restAction",
      "parameters": {
        "endpoint": "Config/getAllConfigs"
      },
      "outcomes": {
        "failure": "fireNotification2",
        "success": "assignVariablesGetAllConfigsListRespADPVar"
      }
    },
    "assignVariablesGetAllConfigsListRespADPVar": {
      "module": "vb/action/builtin/assignVariablesAction",
      "parameters": {
        "$page.variables.getAllConfigsListRespADPVar": {
          "source": {
            "data": "{{ $chain.results.callRestGetAllConfigs.body.items }}"
          },
          "reset": "none",
          "auto": "always"
        }
      }
    }
  },
  "variables": {}
}