{
  "description": "",
  "root": "resetVariablesGetAllConfigsListRespADPVar",
  "actions": {
    "assignVariablesProgressVar": {
      "module": "vb/action/builtin/assignVariablesAction",
      "parameters": {
        "$page.variables.progressVar": {
          "source": -1,
          "reset": "empty"
        }
      },
      "outcomes": {
        "success": "callRestGetAllConfigs"
      }
    },
    "fireNotification": {
      "module": "vb/action/builtin/fireNotificationEventAction",
      "parameters": {
        "target": "leaf",
        "summary": "[[ $chain.results.callRestGetAllConfigs.message.summary ]]",
        "type": "error",
        "displayMode": "persist"
      },
      "outcomes": {
        "success": "assignVariablesProgressVar2"
      }
    },
    "callRestGetAllConfigs": {
      "module": "vb/action/builtin/restAction",
      "parameters": {
        "endpoint": "Config/getAllConfigs",
        "uriParams": {
          "process_identifier": "{{ $page.variables.searchProcessId }}"
        }
      },
      "outcomes": {
        "failure": "fireNotification",
        "success": "assignVariablesGetAllConfigsListRespADPVar"
      }
    },
    "assignVariablesGetAllConfigsListRespADPVar": {
      "module": "vb/action/builtin/assignVariablesAction",
      "parameters": {
        "$page.variables.getAllConfigsListRespADPVar": {
          "source": {
            "data": "{{ $chain.results.callRestGetAllConfigs.body.items }}"
          },
          "reset": "none",
          "auto": "always",
          "mapping": {
            "$target.data": {
              "source": "$source.data",
              "reset": "empty"
            }
          }
        }
      },
      "outcomes": {
        "success": "assignVariablesProgressVar2"
      }
    },
    "assignVariablesProgressVar2": {
      "module": "vb/action/builtin/assignVariablesAction",
      "parameters": {
        "$page.variables.progressVar": {
          "source": 100,
          "reset": "empty"
        }
      }
    },
    "resetVariablesGetAllConfigsListRespADPVar": {
      "module": "vb/action/builtin/resetVariablesAction",
      "parameters": {
        "variables": [
          "$page.variables.getAllConfigsListRespADPVar.data"
        ]
      },
      "outcomes": {
        "success": "assignVariablesProgressVar"
      }
    }
  },
  "variables": {
    "value": {
      "required": true,
      "type": "any",
      "input": "fromCaller"
    }
  }
}