{
  "description": "",
  "root": "ifMenuId",
  "actions": {
    "ifMenuId": {
      "module": "vb/action/builtin/ifAction",
      "parameters": {
        "condition": "[[ $variables.menuId === \"create\" ]]"
      },
      "outcomes": {
        "false": "ifMenuId4",
        "true": "navigateToConfigEdit"
      }
    },
    "ifMenuId2": {
      "module": "vb/action/builtin/ifAction",
      "parameters": {
        "condition": "[[ $variables.menuId === \"delete\" ]]"
      },
      "outcomes": {
        "true": "callDeleteDialogComponent"
      }
    },
    "navigateToConfigEdit": {
      "module": "vb/action/builtin/navigateAction",
      "parameters": {
        "page": "config-edit",
        "params": {
          "menuIdVar": "{{ $variables.menuId }}"
        }
      }
    },
    "ifMenuId4": {
      "module": "vb/action/builtin/ifAction",
      "parameters": {
        "condition": "[[ $variables.menuId === \"edit\" ]]"
      },
      "outcomes": {
        "false": "ifMenuId2",
        "true": "navigateToConfigEdit2"
      }
    },
    "navigateToConfigEdit2": {
      "module": "vb/action/builtin/navigateAction",
      "parameters": {
        "page": "config-edit",
        "params": {
          "configRowDataVar": "{{ $page.variables.configRowDataVar }}",
          "menuIdVar": "{{ $variables.menuId }}"
        }
      }
    },
    "callDeleteDialogComponent": {
      "module": "vb/action/builtin/callComponentMethodAction",
      "parameters": {
        "component": "{{ document.getElementById('oj-dialog-deleteRowTable') }}",
        "method": "open"
      }
    }
  },
  "variables": {
    "menuId": {
      "required": true,
      "type": "any",
      "input": "fromCaller"
    }
  }
}