{
  "description": "",
  "root": "assignConfigVariables",
  "actions": {
    "assignConfigVariables": {
      "module": "vb/action/builtin/assignVariablesAction",
      "parameters": {
        "$page.variables.configRowDataVar": {
          "source": "{{ $variables.rowData }}",
          "auto": "always"
        }
      },
      "outcomes": {
        "success": "assignIsDisableVariables"
      }
    },
    "assignIsDisableVariables": {
      "module": "vb/action/builtin/assignVariablesAction",
      "parameters": {
        "$page.variables.isDisabledVar": {
          "source": false
        }
      }
    }
  },
  "variables": {
    "rowKey": {
      "required": true,
      "type": "any",
      "input": "fromCaller"
    },
    "rowData": {
      "required": true,
      "type": "any",
      "input": "fromCaller"
    }
  }
}