{
  "id": "xoxo",
  "description": "A new VB app",
  "defaultPage": "shell",
  "services": {},
  "translations": {
    "app": {
      "path": "./resources/strings/app/nls/app-strings"
    }
  },
  "events": {
    "navMenuVisible": {
      "payloadType": {
        "visible": "boolean"
      }
    }
  },
  "types": {},
  "variables": {
    "navMenuVisible": {
      "type": "boolean",
      "defaultValue": true
    }
  },
  "eventListeners": {
    "navMenuVisible": {
      "chains": [
        {
          "chainId": "updateNavMenuVisibility",
          "parameters": {
            "event": "{{ $event }}"
          }
        }
      ]
    },
    "vbResourceChanged": {
      "chains": [
        {
          "chainId": "resourceChangedHandler",
          "parameters": {
            "event": "{{ $event }}"
          }
        }
      ]
    }

  },
  "userConfig": {
    "type": "vb/DefaultSecurityProvider",
    "configuration": {
      "authentication": {
        "type": "implicit"
      }
   },
    "embedding": "deny"
  },
  "security": {
    "access": {
      "requiresAuthentication": false
    }
  },
  "imports": {
    "css": [
      "/resources/css/app.css",
      "/resources/css/redwood-overrides.css",
      "https://static.oracle.com/cdn/fnd/gallery/2304.0.0/images/iconfont/ojuxIconFont.min.css"
    ]
  },
  "settings": {
    "stopValidationPreLoading": true
  },
  "requirejs": {
    "paths": {
      "oj-sample": "https://static.oracle.com/cdn/jet/packs/oj-sample/7.0.1/min"
    },
    "bundles": {
      "oj-sample/calendar-bundle": [
        "oj-sample/calendar/loader",
        "oj-sample/calendar-event/loader",
        "oj-sample/calendar-provider/loader"
      ],
      "oj-sample/controls-bundle": [
        "oj-sample/checkbox-switch/loader",
        "oj-sample/copy-text/loader",
        "oj-sample/country-picker/loader",
        "oj-sample/export-data/loader",
        "oj-sample/highlight-text/loader",
        "oj-sample/input-email/loader",
        "oj-sample/input-text-typeahead/loader",
        "oj-sample/input-url/loader",
        "oj-sample/metric/loader",
        "oj-sample/organization-tree/loader",
        "oj-sample/organization-tree-item/loader",
        "oj-sample/qr-code/loader",
        "oj-sample/tooltip/loader",
        "oj-sample/utils/validators/emailValidatorFactory",
        "oj-sample/utils/validators/urlValidatorFactory",
        "oj-sample/utils/validators/countryValidatorFactory",
        "oj-sample/utils/export/dataCollectionExporter",
        "oj-sample/utils/export/visualizationExporter",
        "oj-sample/visualization-exporter/loader"
      ],
      "oj-sample/layout-bundle": [
        "oj-sample/drawer/loader",
        "oj-sample/flip-card/loader",
        "oj-sample/online-detector/loader",
        "oj-sample/orientation-detector/loader",
        "oj-sample/pull-to-refresh/loader",
        "oj-sample/show-when-ready/loader",
        "oj-sample/timed-event/loader"
      ]
    }
  }
}