{
    "sequence_id": 2,
    "process_identifier": "PROJ_FBDI_LOAD",
    "process_name": "Project FBDI Load",
    "email_list": "abc@oracle.com",
    "auto_retry": "N",
    "retry_count": 3,
    "retry_interval": 10,
    "reprocessing_flag": "Y",
    "send_notification_flag": "Y",
    "batch_notification_flag": "N",
    "notification_type": "ERROR",
    "email_enabled": "Y",
    "sms_enabled": "N",
    "slack_enabled": "N",
    "links": [
        {
            "rel": "collection",
            "href": "https://gc380b1ec18fe48-errordb.adb.ap-mumbai-1.oraclecloudapps.com/ords/nactoic/ehfconfig/"
        }
    ]
}