{
    "items": [
        {
            "processname": "OICSOAPPOC",
            "numofmsgsfinal": 8
        },
        {
            "processname": "OICTEST",
            "numofmsgsfinal": 1
        },
        {
            "processname": "Others",
            "numofmsgsfinal": 2
        },
        {
            "processname": "Project FBDI Load",
            "numofmsgsfinal": 2
        }
    ],
    "hasMore": false,
    "limit": 1000,
    "offset": 0,
    "count": 4,
    "links": [
        {
            "rel": "self",
            "href": "https://gc380b1ec18fe48-errordb.adb.ap-mumbai-1.oraclecloudapps.com/ords/nactoic/ehfhome/messagesPerIntegration"
        },
        {
            "rel": "describedby",
            "href": "https://gc380b1ec18fe48-errordb.adb.ap-mumbai-1.oraclecloudapps.com/ords/nactoic/metadata-catalog/ehfhome/item"
        },
        {
            "rel": "first",
            "href": "https://gc380b1ec18fe48-errordb.adb.ap-mumbai-1.oraclecloudapps.com/ords/nactoic/ehfhome/messagesPerIntegration"
        }
    ]
}