{
  "description": "",
  "root": "assignVariablesReProcessDialogOpenVar",
  "actions": {
    "assignVariablesReProcessDialogOpenVar": {
      "module": "vb/action/builtin/assignVariablesAction",
      "parameters": {
        "$page.variables.reProcessDialogOpenVar": {
          "source": false,
          "reset": "empty"
        }
      },
      "outcomes": {
        "success": "callChainSearchButtonActionChain"
      }
    },
    "callChainSearchButtonActionChain": {
      "module": "vb/action/builtin/callChainAction",
      "parameters": {
        "id": "SearchButtonActionChain"
      }
    }
  },
  "variables": {}
}