{
  "description": "",
  "root": "ifSelectedMenuAction",
  "actions": {
    "ifSelectedMenuAction": {
      "module": "vb/action/builtin/ifAction",
      "parameters": {
        "condition": "[[ $page.variables.selectedMenuAction == 'resubmit' ]]"
      },
      "outcomes": {
        "true": "callChainReSubmitActionChain",
        "false": "callChainDialogReprocessConfirmButtonActionChain"
      }
    },
    "callChainReSubmitActionChain": {
      "module": "vb/action/builtin/callChainAction",
      "parameters": {
        "id": "ReSubmitActionChain"
      },
      "outcomes": {
        "success": "callComponentOjDialogWarningResubmitReprocessClose"
      }
    },
    "callComponentOjDialogWarningResubmitReprocessClose": {
      "module": "vb/action/builtin/callComponentMethodAction",
      "parameters": {
        "component": "{{ document.getElementById('oj-dialog-warning-resubmit-reprocess') }}",
        "method": "close"
      },
      "outcomes": {}
    },
    "callChainDialogReprocessConfirmButtonActionChain": {
      "module": "vb/action/builtin/callChainAction",
      "parameters": {
        "id": "ReprocessActionChain"
      },
      "outcomes": {
        "success": "callComponentOjDialogWarningResubmitReprocessClose"
      }
    }
  },
  "variables": {}
}