{
  "root": "assignVariablesProgressVar",
  "description": "",
  "variables": {},
  "actions": {
    "fireNotification": {
      "module": "vb/action/builtin/fireNotificationEventAction",
      "parameters": {
        "target": "leaf",
        "summary": "[[ $chain.results.callGetProcessNames.message.summary ]]",
        "type": "error",
        "displayMode": "persist",
        "message": "Error fetching list of process names. Please contact system administrator."
      }
    },
    "callGetProcessNames": {
      "module": "vb/action/builtin/restAction",
      "parameters": {
        "endpoint": "Common/getProcessNames"
      },
      "outcomes": {
        "failure": "fireNotification",
        "success": "assignProcessNamesVar"
      },
      "label": "Get Process Names for Search LOV",
      "description": "Get Process Names for Search LOV"
    },
    "assignProcessNamesVar": {
      "module": "vb/action/builtin/assignVariablesAction",
      "parameters": {
        "$page.variables.getProcessNamesRespArrayVar": {
          "source": "{{ $chain.results.callGetProcessNames.body.items }}",
          "reset": "empty"
        }
      }
    },
    "runInParallel": {
      "module": "vb/action/builtin/forkAction",
      "parameters": {
        "actions": {
          "callGetProcessNames": "callGetProcessNames",
          "callRest": "callGetProcessStatuses",
          "assignVariables": "initSearchVars"
        }
      },
      "outcomes": {
        "join": "callChainSearchButtonActionChain"
      }
    },
    "fireNotification2": {
      "module": "vb/action/builtin/fireNotificationEventAction",
      "parameters": {
        "target": "leaf",
        "summary": "[[ $chain.results.callGetProcessStatuses.message.summary ]]",
        "type": "error",
        "displayMode": "persist",
        "message": "Error fetching list of process statuses. Please contact system administrator."
      }
    },
    "callGetProcessStatuses": {
      "module": "vb/action/builtin/restAction",
      "parameters": {
        "endpoint": "Common/getProcessStatuses"
      },
      "outcomes": {
        "failure": "fireNotification2",
        "success": "assignVariablesGetProcessStatusesRespArrayVar"
      },
      "label": "Get Process Statuses for Search LOV",
      "description": "Get Process Statuses for Search LOV"
    },
    "assignVariablesGetProcessStatusesRespArrayVar": {
      "module": "vb/action/builtin/assignVariablesAction",
      "parameters": {
        "$page.variables.getProcessStatusesRespArrayVar": {
          "source": "{{ $chain.results.callGetProcessStatuses.body.items }}",
          "reset": "empty"
        }
      }
    },
    "initSearchVars": {
      "module": "vb/action/builtin/assignVariablesAction",
      "parameters": {
        "$page.variables.searchToDateVar": {
          "source": "{{ $functions.dateToday() }}",
          "reset": "empty"
        },
        "$page.variables.searchFromDateVar": {
          "source": "{{ $functions.dateMinus24Hr() }}",
          "reset": "empty"
        }
      },
      "label": "Initialize Search Variables with default values"
    },
    "assignVariablesProgressVar": {
      "module": "vb/action/builtin/assignVariablesAction",
      "parameters": {
        "$page.variables.progressVar": {
          "source": -1,
          "reset": "empty"
        }
      },
      "outcomes": {
        "success": "runInParallel"
      }
    },
    "assignVariablesProgressVar2": {
      "module": "vb/action/builtin/assignVariablesAction",
      "parameters": {
        "$page.variables.progressVar": {
          "source": 100,
          "reset": "empty"
        }
      }
    },
    "callChainSearchButtonActionChain": {
      "module": "vb/action/builtin/callChainAction",
      "parameters": {
        "id": "SearchButtonActionChain"
      },
      "outcomes": {
        "success": "assignVariablesProgressVar2"
      }
    }
  }
}