{
  "description": "",
  "root": "resetVariablesSelectedProcessInstances",
  "actions": {
    "ifMenuId": {
      "module": "vb/action/builtin/ifAction",
      "parameters": {
        "condition": "[[ $variables.menuId == 'resubmit' ]]"
      },
      "label": "If Re-Submit",
      "outcomes": {
        "true": "assignVariablesSelectedMenuAction",
        "false": "assignVariablesSelectedMenuAction3"
      }
    },
    "assignVariablesSelectedMenuAction": {
      "module": "vb/action/builtin/assignVariablesAction",
      "parameters": {
        "$page.variables.selectedMenuAction": {
          "source": "resubmit",
          "reset": "none"
        },
        "$page.variables.dialogTitleVar": {
          "source": "Confirm Resubmission",
          "reset": "empty"
        },
        "$page.variables.dialogTextVar": {
          "source": "Selected process instances (shown below) will be resubmitted with their original payload. Please confirm.",
          "reset": "empty"
        }
      },
      "outcomes": {
        "success": "callComponentOjDialogWarningResubmitReprocessOpen"
      }
    },
    "callComponentOjDialogWarningResubmitReprocessOpen": {
      "module": "vb/action/builtin/callComponentMethodAction",
      "parameters": {
        "component": "{{ document.getElementById('oj-dialog-warning-resubmit-reprocess') }}",
        "method": "open"
      }
    },
    "callFunctionGetSelectedRunIds": {
      "module": "vb/action/builtin/callModuleFunctionAction",
      "parameters": {
        "module": "[[ $functions ]]",
        "functionName": "getSelectedRunIds",
        "params": [
          "{{ $page.variables.getSearchRespADPVar.data }}"
        ]
      },
      "outcomes": {
        "success": "forEach"
      }
    },
    "forEach": {
      "module": "vb/action/builtin/forEachAction",
      "parameters": {
        "items": "{{ $chain.results.callFunctionGetSelectedRunIds }}",
        "actionId": "assignVariablesSelectedProcessInstances"
      },
      "outcomes": {
        "success": "ifMenuId"
      }
    },
    "assignVariablesSelectedProcessInstances": {
      "module": "vb/action/builtin/assignVariablesAction",
      "parameters": {
        "$page.variables.selectedProcessInstances": {
          "source": [
            {
              "run_id": "{{ $current.data.run_id }}",
              "sequence_id": "{{ $current.data.sequence_id }}",
              "process_name": "{{ $current.data.process_name }}",
              "payload": "{{ $current.data.payload }}",
              "endpoint": "{{ $current.data.endpoint }}",
              "headers": "{{ $current.data.headers }}",
              "http_method": "{{ $current.data.http_method }}",
              "path_parameter": "{{ $current.data.path_parameter }}",
              "reprocessing_flag": "{{ $current.data.reprocessing_flag }}",
              "process_identifier": "{{ $current.data.process_identifier }}"
            }
          ],
          "reset": "none",
          "auto": "always",
          "mapping": {
            "$target.run_id": {
              "source": "$source.run_id",
              "reset": "empty"
            },
            "$target.sequence_id": {
              "source": "$source.sequence_id",
              "reset": "empty"
            },
            "$target.process_name": {
              "source": "$source.process_name",
              "reset": "empty"
            },
            "$target.payload": {
              "source": "$source.payload",
              "reset": "empty"
            },
            "$target.endpoint": {
              "source": "$source.endpoint",
              "reset": "empty"
            },
            "$target.headers": {
              "source": "$source.headers",
              "reset": "empty"
            },
            "$target.http_method": {
              "source": "$source.http_method",
              "reset": "empty"
            },
            "$target.queryParams": {
              "source": "$source.queryParams",
              "reset": "empty"
            },
            "$target.path_parameter": {
              "source": "$source.path_parameter",
              "reset": "empty"
            },
            "$target.reprocessing_flag": {
              "source": "$source.reprocessing_flag",
              "reset": "empty"
            },
            "$target.process_identifier": {
              "source": "$source.process_identifier",
              "reset": "empty"
            }
          }
        }
      }
    },
    "assignVariablesSelectedMenuAction3": {
      "module": "vb/action/builtin/assignVariablesAction",
      "parameters": {
        "$page.variables.selectedMenuAction": {
          "source": "reprocess",
          "reset": "none"
        },
        "$page.variables.dialogTitleVar": {
          "source": "Confirm Reprocessing",
          "reset": "empty"
        },
        "$page.variables.dialogTextVar": {
          "source": "Selected process instances (shown below) will be reprocessed with updated payload. A new dialog with original payload for each selected instance will allow you to make modifications. Please confirm to proceed.",
          "reset": "empty"
        }
      },
      "outcomes": {
        "success": "callComponentOjDialogWarningResubmitReprocessOpen"
      }
    },
    "resetVariablesSelectedProcessInstances": {
      "module": "vb/action/builtin/resetVariablesAction",
      "parameters": {
        "variables": [
          "$page.variables.selectedProcessInstances"
        ]
      },
      "outcomes": {
        "success": "callFunctionGetSelectedRunIds"
      }
    }
  },
  "variables": {
    "menuId": {
      "required": true,
      "type": "any",
      "input": "fromCaller"
    }
  }
}