{
  "description": "",
  "root": "callFunctionDisableComponentsOnReprocess",
  "actions": {

    "callRestReprocess": {
      "module": "vb/action/builtin/restAction",
      "parameters": {
        "endpoint": "Dashboard/reprocess",
        "uriParams": {
          "sequence_id": "{{ $variables.currInstanceData.sequence_id }}"
        },
        "body": "{{ $page.variables.reprocessUpdateVar }}"
      },
      "outcomes": {
        "failure": "fireORDSError",
        "success": "fireORDSInfo"
      }
    },
    "assignVariablesReprocessUpdateVar": {
      "module": "vb/action/builtin/assignVariablesAction",
      "parameters": {
        "$page.variables.reprocessUpdateVar": {
          "source": {

            "modified_payload": "{{ $variables.currInstanceData.payload }}",
            "reprocessed_run_id": "{{ $chain.results.callFunctionCaller[0].reprocessedInstanceId }}"
          },
          "reset": "empty",
          "auto": "always",
          "mapping": {
            "$target.modified_payload": {
              "source": "$source.modified_payload",
              "reset": "empty"
            }
          }
        }
      },
      "outcomes": {
        "success": "callRestReprocess"
      }
    },
    "callFunctionCaller": {
      "module": "vb/action/builtin/callModuleFunctionAction",
      "parameters": {
        "module": "[[ $functions ]]",
        "functionName": "reProcessInstance",
        "returnType": "object[]",
        "params": [
          "{{ $variables.currInstanceData.endpoint }}",
"{{ $variables.currInstanceData.payload }}",
          "{{ $variables.currInstanceData.headers }}",
          "{{ $variables.currInstanceData.path_parameter }}",
          "{{ $variables.currInstanceData.http_method }}",
          "{{ $chain.results.callSecretAPI.body.secretBundleContent.content }}",
          "{{ $chain.results.callRestGetConfig.body.auth_type }}"
        ]
      },
      "outcomes": {
        "success": "if"
      }
    },
    "callFunctionDisableComponentsOnReprocess": {
      "module": "vb/action/builtin/callModuleFunctionAction",
      "parameters": {
        "module": "[[ $functions ]]",
        "functionName": "disableComponentsOnReprocess",
        "params": [
          "{{ $variables.currInstanceIndex }}"
        ]
      },
      "outcomes": {
        "success": "callRestGetConfig"
      }
    },
    "fireORDSInfo": {
      "module": "vb/action/builtin/fireNotificationEventAction",
      "parameters": {
        "target": "current",
        "message": "[[ $chain.results.callRestReprocess.status ]]",
        "summary": "\"Reprocess request submitted successfully\"",
        "type": "info"
      }
    },
    "fireORDSError": {
      "module": "vb/action/builtin/fireNotificationEventAction",
      "parameters": {
        "target": "leaf",
        "summary": "[[ $chain.results.callRestReprocess.message.summary ]]",
        "type": "error",
        "displayMode": "persist",
        "message": "[[ $chain.results.callRestReprocess.error + \" : \" + $chain.results.callRestReprocess.message.summary ]]"
      }
    },
    "fireNotification": {
      "module": "vb/action/builtin/fireNotificationEventAction",
      "parameters": {
        "target": "current",
        "summary": "[[ $chain.results.callFunctionCaller[0].statusCode + \" \" + $chain.results.callFunctionCaller[0].statusText]]",
        "message": "[[ $chain.results.callFunctionCaller[0].statucCode ]]"
      }
    },
    "if": {
      "module": "vb/action/builtin/ifAction",
      "parameters": {
        "condition": "[[ $chain.results.callFunctionCaller[0].status == \"ERROR\" ]]"
      },
      "outcomes": {
        "true": "fireNotification",
        "false": "assignVariablesReprocessUpdateVar"
      }
    },
    "fireNotification2": {
      "module": "vb/action/builtin/fireNotificationEventAction",
      "parameters": {
        "target": "leaf",
        "summary": "[[ $chain.results.callSecretAPI.message.summary ]]",
        "type": "error",
        "displayMode": "persist"
      }
    },
    "callSecretAPI": {
      "module": "vb/action/builtin/restAction",
      "parameters": {
        "endpoint": "VaultsSecret/secret",
        "uriParams": {
          "secretId": "ocid1.vaultsecret.oc1.iad.amaaaaaantxkdlyaw25mpom56hphg7fuhfpqtpatwfg456ryyy43wmqkbu6a"
        }
      },
      "outcomes": {
        "failure": "fireNotification2",
        "success": "callFunctionCaller"
      }
    },
    "callRestGetConfig": {
      "module": "vb/action/builtin/restAction",
      "parameters": {
        "endpoint": "Config/getConfig",
        "uriParams": {
          "process_identifier": "{{ $variables.currInstanceData.process_identifier }}"
        }
      },
      "outcomes": {
        "failure": "fireNotificationGetConfig",
        "success": "if2"
      }
    },
    "fireNotificationGetConfig": {
      "module": "vb/action/builtin/fireNotificationEventAction",
      "parameters": {
        "target": "leaf",
        "summary": "[[ $chain.results.callRestGetConfig.message.summary ]]",
        "type": "error",
        "displayMode": "persist"
      }
    },
    "callRestToken": {
      "module": "vb/action/builtin/restAction",
      "parameters": {
        "endpoint": "Token/token",
        "body": "grant_type=client_credentials&scope=https://15B19A66A5C64813B13DA46A1DFEAC5D.integration.ocp.oraclecloud.com:443/ic/api/"
      },
      "outcomes": {
        "failure": "fireNotificationToken",
        "success": "callFunctionReProcessInstance"
      }
    },
    "fireNotificationToken": {
      "module": "vb/action/builtin/fireNotificationEventAction",
      "parameters": {
        "target": "leaf",
        "summary": "[[ $chain.results.callRestToken.message.summary ]]",
        "type": "error",
        "displayMode": "persist"
      }
    },
    "callFunctionReProcessInstance": {
      "module": "vb/action/builtin/callModuleFunctionAction",
      "parameters": {
        "module": "[[ $functions ]]",
        "functionName": "reProcessInstance",
        "params": [
          "{{ $variables.currInstanceData.endpoint }}",
          "{{ $variables.currInstanceData.payload }}",
          "{{ $variables.currInstanceData.headers }}",
          "{{ $variables.currInstanceData.path_parameter }}",
          "{{ $variables.currInstanceData.http_method }}",
          "{{ $chain.results.callRestToken.body.access_token }}",
          "{{ $chain.results.callRestGetConfig.body.auth_type }}"
        ],
        "returnType": "object[]"
      },
      "outcomes": {
        "success": "ifFunctionError"
      }
    },
    "ifOAuth2": {
      "module": "vb/action/builtin/ifAction",
      "parameters": {
        "condition": "[[ $chain.results.callRestGetConfig.body.auth_type == \"OAuth2\" ]]"
      },
      "outcomes": {
        "true": "callRestToken"
      }
    },
    "ifFunctionError": {
      "module": "vb/action/builtin/ifAction",
      "parameters": {
        "condition": "[[ $chain.results.callFunctionReProcessInstance[0].status == \"ERROR\" ]]"
      },
      "outcomes": {
        "false": "assignVariablesReprocessUpdateVar2",
        "true": "fireNotificationFunctionError"
      }
    },
    "fireNotificationFunctionError": {
      "module": "vb/action/builtin/fireNotificationEventAction",
      "parameters": {
        "target": "current",
        "summary": "[[ $chain.results.callFunctionReProcessInstance[0].statusCode + \" \" + $chain.results.callFunctionReProcessInstance[0].statusText ]]",
        "message": "[[ $chain.results.callFunctionReProcessInstance[0].statusCode ]]"
      }
    },
    "fireNotification3": {
      "module": "vb/action/builtin/fireNotificationEventAction",
      "parameters": {
        "target": "leaf",
        "summary": "[[ $chain.results.callReprocess.message.summary ]]",
        "type": "error",
        "displayMode": "persist",
        "message": "[[ $chain.results.callReprocess.error + \" : \" + $chain.results.callReprocess.message.summary ]]"
      }
    },
    "assignVariablesReprocessUpdateVar2": {
      "module": "vb/action/builtin/assignVariablesAction",
      "parameters": {
        "$page.variables.reprocessUpdateVar": {
          "source": {
            "modified_payload": "{{ $variables.currInstanceData.payload }}",
            "reprocessed_run_id": "{{ $chain.results.callFunctionReProcessInstance[0].reprocessedInstanceId }}"
          },
          "reset": "none",
          "auto": "always",
          "mapping": {
            "$target.modified_payload": {
              "source": "$source.modified_payload",
              "reset": "empty"
            }
          }
        }
      },
      "outcomes": {
        "success": "callReprocess"
      }
    },
    "fireNotification5": {
      "module": "vb/action/builtin/fireNotificationEventAction",
      "parameters": {
        "target": "current",
        "summary": "\"Reprocess request submitted successfully\"",
        "message": "[[ $chain.results.callReprocess.status ]]",
        "type": "info"
      }
    },
    "callReprocess": {
      "module": "vb/action/builtin/restAction",
      "parameters": {
        "endpoint": "Dashboard/reprocess",
        "uriParams": {
          "sequence_id": "{{ $variables.currInstanceData.sequence_id }}"
        },
        "body": "{{ $page.variables.reprocessUpdateVar }}"
      },
      "outcomes": {
        "failure": "fireNotification3",
        "success": "fireNotification5"
      }
    },
    "if2": {
      "module": "vb/action/builtin/ifAction",
      "parameters": {
        "condition": "[[ $chain.results.callRestGetConfig.body.auth_type == \"Basic\" || $chain.results.callRestGetConfig.body.auth_type == \"Basic/OAuth2\" ]]"
      },
      "outcomes": {
        "true": "callSecretAPI",
        "false": "ifOAuth2"
      }
    }
  },
  "variables": {
    "currInstanceData": {
      "type": "any",
      "required": false,
      "input": "fromCaller"
    },
    "currInstanceIndex": {
      "type": "number",
      "required": false,
      "input": "fromCaller"
    },
    "data": {
      "type": "any",
      "defaultValue": "{{ $current.data }}",
      "input": "fromCaller"
    }

  }
}