{
  "description": "",
  "root": "forEachInSelectedProcessInstances",
  "actions": {
    "assignVariablesProgressVar": {
      "module": "vb/action/builtin/assignVariablesAction",
      "parameters": {
        "$page.variables.progressVar": {
          "reset": "empty",
          "source": -1
        },
        "$page.variables.postResubmitICSReqVar": {
          "source": {
            "InstanceId": "{{ $current.data.run_id }}",
            "SequenceId": "{{ $current.data.sequence_id }}",
            "ResubmissionFromUI": "'Yes'"
          },
          "reset": "none",
          "auto": "always",
          "mapping": {
            "$target.SequenceId": {
              "source": "$source.SequenceId",
              "reset": "empty"
            },
            "$target.InstanceId": {
              "source": "$source.InstanceId",
              "reset": "empty"
            },
            "$target.ResubmissionFromUI": {
              "source": "$source.ResubmissionFromUI",
              "reset": "empty"
            }
          }
        }
      },
      "outcomes": {
        "success": "callICSResubmissionService"
      }
    },
    "assignVariablesProgressVar2": {
      "module": "vb/action/builtin/assignVariablesAction",
      "parameters": {
        "$page.variables.progressVar": {
          "source": 100,
          "reset": "empty"
        }
      }
    },
    "fireNotification": {
      "module": "vb/action/builtin/fireNotificationEventAction",
      "parameters": {
        "target": "leaf",
        "summary": "[[ $chain.results.callICSResubmissionService.message.summary ]]",
        "type": "error",
        "displayMode": "persist",
        "message": "Error in Re-Submit request, please contact system administrator."
      },
      "outcomes": {
        "success": "callChainSearchButtonActionChain"
      }
    },
    "callICSResubmissionService": {
      "module": "vb/action/builtin/restAction",
      "parameters": {
        "endpoint": "ics/postEHF_RESUBMISSIONSERVICE1_0Resubmission",
        "body": "{{ $page.variables.postResubmitICSReqVar }}"
      },
      "outcomes": {
        "failure": "assignVariablesIsReSubmissionSuccessVar2",
        "success": "assignVariablesIsReSubmissionSuccessVar"
      }
    },
    "resetVariablesPostResubmitICSReqVar": {
      "module": "vb/action/builtin/resetVariablesAction",
      "parameters": {
        "variables": [
          "$page.variables.postResubmitICSReqVar"
        ]
      },
      "outcomes": {
        "success": "assignVariablesProgressVar"
      }
    },
    "fireNotification2": {
      "module": "vb/action/builtin/fireNotificationEventAction",
      "parameters": {
        "target": "current",
        "summary": "Re-Submit request of selected Run(s) submitted successfully",
        "message": "Re-Submit request of selected Run(s) submitted successfully",
        "type": "confirmation",
        "displayMode": "persist"
      },
      "outcomes": {
        "success": "callChainSearchButtonActionChain"
      }
    },
    "forEachInSelectedProcessInstances": {
      "module": "vb/action/builtin/forEachAction",
      "parameters": {
        "items": "{{ $page.variables.selectedProcessInstances }}",
        "actionId": "resetVariablesPostResubmitICSReqVar"
      },
      "outcomes": {
        "success": "ifIsReSubmissionSuccessVar"
      }
    },
    "assignVariablesIsReSubmissionSuccessVar": {
      "module": "vb/action/builtin/assignVariablesAction",
      "parameters": {
        "$page.variables.isReSubmissionSuccessVar": {
          "source": "Y",
          "reset": "empty"
        }
      }
    },
    "assignVariablesIsReSubmissionSuccessVar2": {
      "module": "vb/action/builtin/assignVariablesAction",
      "parameters": {
        "$page.variables.isReSubmissionSuccessVar": {
          "source": "N",
          "reset": "empty"
        }
      }
    },
    "ifIsReSubmissionSuccessVar": {
      "module": "vb/action/builtin/ifAction",
      "parameters": {
        "condition": "[[ $page.variables.isReSubmissionSuccessVar === 'Y' ]]"
      },
      "outcomes": {
        "true": "fireNotification2",
        "false": "fireNotification"
      }
    },
    "callChainSearchButtonActionChain": {
      "module": "vb/action/builtin/callChainAction",
      "parameters": {
        "id": "SearchButtonActionChain"
      },
      "outcomes": {
        "success": "assignVariablesProgressVar2"
      }
    }
  },
  "variables": {}
}