{
  "description": "",
  "root": "if",
  "actions": {
    "fireNotification": {
      "module": "vb/action/builtin/fireNotificationEventAction",
      "parameters": {
        "target": "leaf",
        "summary": "[[ $chain.results.callSearch.message.summary ]]",
        "type": "error",
        "displayMode": "persist",
        "message": "Error fetching search results. Please contact system administrator."
      },
      "outcomes": {
        "success": "assignVariablesProgressVar2"
      }
    },
    "callSearch": {
      "module": "vb/action/builtin/restAction",
      "parameters": {
        "endpoint": "Dashboard/getSearch",
        "uriParams": {
          "parent_runid": "{{ $page.variables.searchParentRunIdVar == null ? null : $page.variables.searchParentRunIdVar }}",
          "process_name": "{{ $page.variables.searchProcessNameVar == null ? null : $page.variables.searchProcessNameVar }}",
          "process_status": "{{ $page.variables.searchProcessStatusVar == null ? null : $page.variables.searchProcessStatusVar }}",
          "run_id": "{{ $page.variables.searchRunIdVar == null ? null : $page.variables.searchRunIdVar }}",
          "process_to_date": "{{ $page.variables.searchToDateVar }}",
          "process_from_date": "{{ $page.variables.searchFromDateVar }}"
        },
        "headers": {
          "parent_runid": "{{ $page.variables.searchParentRunIdVar==null?'':$page.variables.searchParentRunIdVar }}",
          "process_name": "{{ $page.variables.searchProcessNameVar==null?'':$page.variables.searchProcessNameVar }}",
          "process_status": "{{ $page.variables.searchProcessStatusVar==null?'':$page.variables.searchProcessStatusVar }}",
          "run_id": "{{ $page.variables.searchRunIdVar==null?'':$page.variables.searchRunIdVar }}",
          "process_to_date": "{{ $page.variables.searchToDateVar==null?'':$page.variables.searchToDateVar }}",
          "process_from_date": "{{ $page.variables.searchFromDateVar==null?'':$page.variables.searchFromDateVar }}"
        }
      },
      "outcomes": {
        "failure": "fireNotification",
        "success": "assignSearchResults"
      }
    },
    "assignSearchResults": {
      "module": "vb/action/builtin/assignVariablesAction",
      "parameters": {
        "$page.variables.getSearchRespADPVar": {
          "source": {
            "data": "{{ $chain.results.callSearch.body.items }}"
          },
          "reset": "empty",
          "auto": "always",
          "mapping": {
            "$target.data": {
              "source": "$source.data",
              "reset": "empty"
            }
          }
        }
    },
      "label": "Assign Search Results",
      "outcomes": {
        "success": "assignVariablesProgressVar2"
      }
    },
    "resetVariablesGetSearchRespADPVar": {
      "module": "vb/action/builtin/resetVariablesAction",
      "parameters": {
        "variables": [
          "$page.variables.getSearchRespADPVar.data"
        ]
      },
      "outcomes": {
        "success": "callSearch"
      }
    },
    "assignVariablesProgressVar": {
      "module": "vb/action/builtin/assignVariablesAction",
      "parameters": {
        "$page.variables.progressVar": {
          "source": -1,
          "reset": "empty"
        }
      },
      "outcomes": {
        "success": "resetVariablesGetSearchRespADPVar"
      }
    },
    "assignVariablesProgressVar2": {
      "module": "vb/action/builtin/assignVariablesAction",
      "parameters": {
        "$page.variables.progressVar": {
          "source": 100,
          "reset": "empty"
        }
      }
    },
    "if": {
      "module": "vb/action/builtin/ifAction",
      "parameters": {
        "condition": "[[ $application.functions.isFormValid('dashboardSearchForm') ]]"
      },
      "outcomes": {
        "true": "assignVariablesProgressVar"
      }
    }
  },
  "variables": {}
}