{
  "description": "Select Checkbox Value Change Chain",
  "root": "ifValue",
  "actions": {
    "ifValue": {
      "module": "vb/action/builtin/ifAction",
      "parameters": {
        "condition": "[[ $variables.value ]]"
      },
      "outcomes": {
        "true": "assignVariablesCountOfSelectedRunIdVar",
        "false": "assignVariablesCountOfSelectedRunIdVar2"
      }
    },
    "assignVariablesCountOfSelectedRunIdVar": {
      "module": "vb/action/builtin/assignVariablesAction",
      "parameters": {
        "$page.variables.countOfSelectedRunIdVar": {
          "source": "{{ $page.variables.countOfSelectedRunIdVar + 1 }}",
          "reset": "empty"
        }
      }
    },
    "assignVariablesCountOfSelectedRunIdVar2": {
      "module": "vb/action/builtin/assignVariablesAction",
      "parameters": {
        "$page.variables.countOfSelectedRunIdVar": {
          "source": "{{ $page.variables.countOfSelectedRunIdVar - 1 }}",
          "reset": "empty"
        }
      }
    }
  },
  "variables": {
    "value": {
      "required": true,
      "type": "any",
      "input": "fromCaller"
    },
    "key": {
      "required": true,
      "type": "any",
      "input": "fromCaller"
    },
    "index": {
      "required": true,
      "type": "number",
      "input": "fromCaller"
    },
    "current": {
      "required": true,
      "type": "any",
      "input": "fromCaller"
    }
  }
}