{
  "root": "ifInputProcessNameVar",
  "description": "",
  "actions": {
    "ifInputProcessNameVar": {
      "module": "vb/action/builtin/ifAction",
      "parameters": {
        "condition": "[[ $page.variables.inputProcessNameVar ]]"
      },
      "outcomes": {
        "true": "assignVariablesSearchProcessNameVar"
      }
    },
    "assignVariablesSearchProcessNameVar": {
      "module": "vb/action/builtin/assignVariablesAction",
      "parameters": {
        "$page.variables.searchProcessNameVar": {
          "source": "{{ $page.variables.inputProcessNameVar }}"
        }
      }
    }
  }
}