{
  "title": "",
  "description": "",
  "variables": {
    "actionsBarVisible": {
      "type": "boolean",
      "defaultValue": false
    },
    "autoRetriedInstancesCountVar": {
      "type": "number"
    },
    "getMessagesPerIntegrationListSDP": {
      "type": "vb/ServiceDataProvider",
      "defaultValue": {
        "endpoint": "Home/getMessagesPerIntegration",
        "keyAttributes": "processname",
        "itemsPath": "items",
        "responseType": "getMessagesPerIntegrationResponse",
        "uriParameters": {
          "timeFrame": "{{ $variables.selectedTimePeriod }}"
        }
      }
    },
    "getProcessCountRespVar": {
      "type": "getProcessCount"
    },
    "messageCountVar": {
      "type": "number"
    },
    "notificationDataArray": {
      "type": "NotificationType[]",
      "defaultValue": [
        {
          "id": 1,
          "name": "New Messages",
          "value": 10,
          "badge": 1
        },
        {
          "id": 1,
          "name": "New Reports",
          "value": 3,
          "badge": 1
        },
        {
          "id": 1,
          "name": "Overdue Tasks",
          "value": 12,
          "badge": 2
        },
        {
          "id": 1,
          "name": "Today Meetings",
          "value": 4,
          "badge": 3
        }
      ]
    },
    "processCountVar": {
      "type": "number"
    },
    "selectedTimePeriod": {
      "type": "string"
    }

  },
  "metadata": {},
  "types": {
    "@decorators.getAutoRetriedInstances": {
      "endpoint": "getAutoRetriedInstances",
      "service": "Home",
      "path": "response"
    },
    "@decorators.getMessageCount": {
      "endpoint": "getMessageCount",
      "service": "Home",
      "path": "response"
    },
    "@decorators.getMessagesPerIntegrationResponse": {
      "endpoint": "getMessagesPerIntegration",
      "service": "Home",
      "path": "response"
    },
    "@decorators.getProcessCount": {
      "endpoint": "getProcessCount",
      "service": "Home",
      "path": "response"
    },
    "getAutoRetriedInstances": {
      "numofautoretryinstances": "number"
    },
    "getMessageCount": {
      "messagecount": "number"
    },
    "getMessagesPerIntegrationResponse": {
      "items": [
        {
          "numofmsgsfinal": "number",
          "processname": "string"

        }
      ]
    },
    "getProcessCount": {
      "items": [
        {
          "processcount": "number"
        }
      ]
    },
    "NotificationType": {
      "id": "number",
      "name": "string",
      "value": "number",
      "badge": "number"
    }

  },
  "eventListeners": {
    "buttonAction": {
      "chains": [
        {
          "chainId": "ToggleActionsBarChain"
        }
      ]
    },
    "pieChartSelection": {
      "chains": [
        {
          "chainId": "PieChartSelectionChangeChain1",
          "parameters": {
            "selection": "{{ $event.detail.value }}"
          }
        }
      ]
    },
    "spanClick": {
      "chains": [
        {
          "chainId": "spanClickChain"
        }
      ]
    },
    "spanClick2": {
      "chains": [
        {
          "chainId": "goToDashboardEvent"
        }
      ]
    },
    "timePeriodValue": {
      "chains": [
        {
          "chainId": "TimePeriodValueChangeChain"
        }
      ]
    },
    "vbEnter": {
      "chains": [
{
          "chainId": "ToggleActionsBarChain",
          "parameters": {}
        },
{
          "chainId": "FadeInMainContent",
          "parameters": {}
        },
{
          "parameters": {},
          "chainId": "getIntegrationCount"
        },
        {
          "parameters": {},
          "chainId": "getMessageCount"
        }
      ]
    }

  },
  "imports": {
    "components": {

      "oj-chart": {
        "path": "ojs/ojchart"
      },
      "oj-chart-item": {
        "path": "ojs/ojchart"
      },
      "oj-combobox-one": {
        "path": "ojs/ojselectcombobox"
      },
      "oj-input-text": {
        "path": "ojs/ojinputtext"
      },
      "oj-option": {
        "path": "ojs/ojoption"
      },
      "oj-select-single": {
        "path": "ojs/ojselectsingle"
      }

    }
  }
}
