{
  "description": "",
  "root": "ifValue",
  "actions": {
    "ifValue": {
      "module": "vb/action/builtin/ifAction",
      "parameters": {
        "condition": "[[ $variables.value[0] === \"Y\" ]]"
      },
      "outcomes": {
        "false": "callFunctionResetComponentToEmpty"
      }
    },
    "callFunctionResetComponentToEmpty": {
      "module": "vb/action/builtin/callModuleFunctionAction",
      "parameters": {
        "module": "[[ $functions ]]",
        "functionName": "resetComponentToEmpty",
        "params": [
          "retryCountCreateId"
        ]
      },
      "outcomes": {
        "success": "callFunctionResetComponentToEmpty2"
      }
    },
    "callFunctionResetComponentToEmpty2": {
      "module": "vb/action/builtin/callModuleFunctionAction",
      "parameters": {
        "module": "[[ $functions ]]",
        "functionName": "resetComponentToEmpty",
        "params": [
          "retryIntervalCreateId"
        ]
      }
    }
  },
  "variables": {
    "value": {
      "required": true,
      "type": "any[]",
      "input": "fromCaller"
    }
  }
}