{
  "description": "",
  "root": "ifMenuIdVar",
  "actions": {
    "ifValue": {
      "module": "vb/action/builtin/ifAction",
      "parameters": {
        "condition": "[[ $variables.value[0] === \"Y\" ]]"
      },
      "outcomes": {
        "true": "assignVariablesConfigRowDataVar",
        "false": "assignVariablesConfigRowDataVar2"
      }
    },
    "assignVariablesConfigRowDataVar": {
      "module": "vb/action/builtin/assignVariablesAction",
      "parameters": {
        "$page.variables.configRowDataVar": {
          "source": {
            "process_name": "{{$page.variables.configRowDataVar.process_name}}",
            "process_identifier": "{{$page.variables.configRowDataVar.process_identifier}}",
            "retry_count": "{{$page.variables.configRowDataVar.retry_count}}",
            "retry_interval": "{{$page.variables.configRowDataVar.retry_interval}}",
            "batch_notification_flag": "{{ $page.variables.batchNotificationCheckboxSetVar[0] }}",
            "to_email": "{{ $page.variables.configRowDataVar.to_email }}",
            "slack_channel": "{{ $page.variables.configRowDataVar.slack_channel }}",
            "send_notification_flag": "{{ $page.variables.notificationCheckboxSetVar[0] }}",
            "slack_enabled": "{{ $page.variables.slackCheckboxSetVar[0] }}",
            "reprocessing_flag": "{{ $page.variables.reprocessingCheckboxSetVar[0] }}",
            "auto_retry": "{{ $page.variables.autoRetryCheckboxSetVar[0] }}",
            "email_enabled": "{{ $page.variables.emailCheckBoxSetVar[0] }}"
          },
          "auto": "always"
        }
      }
    },
    "assignVariablesConfigRowDataVar2": {
      "module": "vb/action/builtin/assignVariablesAction",
      "parameters": {
        "$page.variables.configRowDataVar": {
          "source": {
            "process_name": "{{$page.variables.configRowDataVar.process_name}}",
            "process_identifier": "{{$page.variables.configRowDataVar.process_identifier}}",
            "retry_count": "",
            "retry_interval": "",
            "batch_notification_flag": "{{ $page.variables.batchNotificationCheckboxSetVar[0] }}",
            "to_email": "{{ $page.variables.configRowDataVar.to_email }}",
            "slack_channel": "{{ $page.variables.configRowDataVar.slack_channel }}",
            "send_notification_flag": "{{ $page.variables.notificationCheckboxSetVar[0] }}",
            "slack_enabled": "{{ $page.variables.slackCheckboxSetVar[0] }}",
            "reprocessing_flag": "{{ $page.variables.reprocessingCheckboxSetVar[0] }}",
            "auto_retry": "N",
            "email_enabled": "{{ $page.variables.emailCheckBoxSetVar[0] }}"
          },
          "auto": "always"
        }
      }
    },
    "ifMenuIdVar": {
      "module": "vb/action/builtin/ifAction",
      "parameters": {
        "condition": "[[ $page.variables.menuIdVar === \"create\" ]]"
      },
      "outcomes": {
        "false": "ifValue",
        "true": "ifValue2"
      }
    },
    "ifValue2": {
      "module": "vb/action/builtin/ifAction",
      "parameters": {
        "condition": "[[ $variables.value[0] === \"Y\" ]]"
      },
      "outcomes": {
        "false": "callFunctionResetComponentToEmpty",
        "true": "callComponentOjDialogAutoretryOpen"
      }
    },
    "callFunctionResetComponentToEmpty": {
      "module": "vb/action/builtin/callModuleFunctionAction",
      "parameters": {
        "module": "[[ $functions ]]",
        "functionName": "resetComponentToEmpty",
        "params": [
          "retryCountCreateId"
        ]
      },
      "outcomes": {
        "success": "callFunctionResetComponentToEmpty2"
      }
    },
    "callFunctionResetComponentToEmpty2": {
      "module": "vb/action/builtin/callModuleFunctionAction",
      "parameters": {
        "module": "[[ $functions ]]",
        "functionName": "resetComponentToEmpty",
        "params": [
          "retryIntervalCreateId"
        ]
      }
    },
    "callComponentOjDialogAutoretryOpen": {
      "module": "vb/action/builtin/callComponentMethodAction",
      "parameters": {
        "component": "{{ document.getElementById('oj-dialog-autoretry') }}",
        "method": "open"
      }
    }
  },
  "variables": {
    "value": {
      "required": true,
      "type": "any[]",
      "input": "fromCaller"
    }
  }
}