{
  "description": "",
  "root": "ifValue",
  "actions": {
    "ifValue": {
      "module": "vb/action/builtin/ifAction",
      "parameters": {
        "condition": "[[ $variables.value[0] === \"Y\" ]]"
      },
      "outcomes": {
        "true": "assignVariablesRequiredVar",
        "false": "ifMenuIdVar"
      }
    },
    "assignVariablesRequiredVar": {
      "module": "vb/action/builtin/assignVariablesAction",
      "parameters": {
        "$page.variables.requiredVar": {
          "source": true
        },
        "$page.variables.configRowDataVar": {
          "source": {
            "auto_retry": "{{ $variables.value[0] }}"
          },
          "reset": "none",
          "auto": "always"
        }
      }
    },
    "ifMenuIdVar": {
      "module": "vb/action/builtin/ifAction",
      "parameters": {
        "condition": "[[ $page.variables.menuIdVar === \"create\" ]]"
      },
      "outcomes": {
        "true": "assignVariablesRequiredVar2"
      }
    },
    "assignVariablesRequiredVar2": {
      "module": "vb/action/builtin/assignVariablesAction",
      "parameters": {
        "$page.variables.requiredVar": {
          "source": "\"false\""
        },
        "$page.variables.configRowDataVar": {
          "source": {
            "retry_count": "\"\"",
            "retry_interval": "\"\"",
            "auto_retry": "{{ $variables.value[0] }}"
          },
          "reset": "none",
          "auto": "always"
        }
      }
    }
  },
  "variables": {
    "value": {
      "required": true,
      "type": "any[]",
      "input": "fromCaller"
    }
  }
}