{
  "description": "",
  "root": "if",
  "actions": {
    "ifMenuIdVar": {
      "module": "vb/action/builtin/ifAction",
      "parameters": {
        "condition": "[[ $page.variables.menuIdVar === \"create\" ]]"
      },
      "outcomes": {
        "true": "assignVariablesConfigRowDataVar",
        "false": "callRestPutConfig"
      }
    },
    "fireNotification": {
      "module": "vb/action/builtin/fireNotificationEventAction",
      "parameters": {
        "target": "leaf",
        "summary": "[[ $chain.results.callRestPostConfig.message.summary ]]",
        "type": "error",
        "displayMode": "persist",
        "message": "Creation of data failed.Contact administrator for additional details."
      },
      "outcomes": {
        "success": "navigateBack2"
      }
    },
    "callRestPostConfig": {
      "module": "vb/action/builtin/restAction",
      "parameters": {
        "endpoint": "Config/postConfig",
        "body": "{{ $page.variables.configRowDataVar }}"
      },
      "outcomes": {
        "failure": "fireNotification",
        "success": "fireNotification3"
      }
    },
    "fireNotification3": {
      "module": "vb/action/builtin/fireNotificationEventAction",
      "parameters": {
        "target": "leaf",
        "type": "confirmation",
        "message": "Create is successful",
        "summary": "Create is successful"
      },
      "outcomes": {
        "success": "navigateBack"
      }
    },
    "navigateBack": {
      "module": "vb/action/builtin/navigateBackAction"
    },
    "navigateBack2": {
      "module": "vb/action/builtin/navigateBackAction"
    },
    "fireNotification2": {
      "module": "vb/action/builtin/fireNotificationEventAction",
      "parameters": {
        "target": "leaf",
        "summary": "[[ $chain.results.callRestPutConfig.message.summary ]]",
        "type": "error",
        "displayMode": "persist"
      },
      "outcomes": {
        "success": "navigateBack3"
      }
    },
    "callRestPutConfig": {
      "module": "vb/action/builtin/restAction",
      "parameters": {
        "endpoint": "Config/putConfig",
        "body": "{{ $page.variables.configRowDataVar }}"
      },
      "outcomes": {
        "failure": "fireNotification2",
        "success": "fireNotification5"
      }
    },
    "fireNotification5": {
      "module": "vb/action/builtin/fireNotificationEventAction",
      "parameters": {
        "target": "leaf",
        "summary": "Update is successful",
        "message": "Update is successful",
        "type": "confirmation"
      },
      "outcomes": {
        "success": "navigateBack"
      }
    },
    "navigateBack3": {
      "module": "vb/action/builtin/navigateBackAction"
    },
    "assignVariablesConfigRowDataVar": {
      "module": "vb/action/builtin/assignVariablesAction",
      "parameters": {
        "$page.variables.configRowDataVar": {
          "source": {

            "auto_retry": "{{ $page.variables.autoRetryCheckboxSetVar[0] }}",
            "batch_notification_flag": "{{ $page.variables.batchNotificationCheckboxSetVar[0] }}",
            "email_enabled": "{{ $page.variables.emailCheckBoxSetVar[0] }}",
            "non_intrusive": "{{ $page.variables.nonIntrusiveCheckboxSetVar[0] }}",
            "send_notification_flag": "{{ $page.variables.notificationCheckboxSetVar[0] }}",
            "reprocessing_flag": "{{ $page.variables.reprocessingCheckboxSetVar[0] }}",
            "slack_enabled": "{{ $page.variables.slackCheckboxSetVar[0] }}",
            "process_identifier": "{{ $page.variables.configRowDataVar.process_identifier }}",
            "process_name": "{{ $page.variables.configRowDataVar.process_name }}",
            "retry_count": "{{ $page.variables.configRowDataVar.retry_count }}",
            "retry_interval": "{{ $page.variables.configRowDataVar.retry_interval }}",
            "slack_channel": "{{ $page.variables.configRowDataVar.slack_channel }}",
            "to_email": "{{ $page.variables.configRowDataVar.to_email }}",
            "auth_type": "{{ $page.variables.configRowDataVar.auth_type }}"

          },
          "reset": "none",
          "auto": "always"

        }
      },
      "outcomes": {
        "success": "callRestPostConfig"
      }
    },
    "if": {
      "module": "vb/action/builtin/ifAction",
      "parameters": {
        "condition": "[[ $application.functions.isFormValid('configurationEditForm')]]"
      },
      "outcomes": {
        "true": "ifMenuIdVar"
      }
    }
  },
  "variables": {}
}