{
  "description": "",
  "root": "assignVariablesConfigRowDataVar",
  "actions": {
    "assignVariablesConfigRowDataVar": {
      "module": "vb/action/builtin/assignVariablesAction",
      "parameters": {
        "$page.variables.configRowDataVar": {
          "source": {
            "process_name": "{{$page.variables.configRowDataVar.process_name}}",
            "process_identifier": "{{$page.variables.configRowDataVar.process_identifier}}",
            "retry_count": "{{$page.variables.configRowDataVar.retry_count}}",
            "retry_interval": "{{$page.variables.configRowDataVar.retry_interval}}",
            "batch_notification_flag": "{{ $page.variables.batchNotificationCheckboxSetVar[0] }}",
            "to_email": "{{ $page.variables.configRowDataVar.to_email }}",
            "slack_channel": "{{$page.variables.configRowDataVar.slack_channel}}",
            "send_notification_flag": "{{ $page.variables.notificationCheckboxSetVar[0] }}",
            "slack_enabled": "{{ $page.variables.slackCheckboxSetVar[0] }}",
            "reprocessing_flag": "{{ $page.variables.reprocessingCheckboxSetVar[0] }}",
            "auto_retry": "{{ $page.variables.autoRetryCheckboxSetVar[0] }}",
            "email_enabled": "{{ $page.variables.emailCheckBoxSetVar[0] }}",
            "non_intrusive": "{{ $page.variables.nonIntrusiveCheckboxSetVar[0] }}",
            "auth_type": "{{ $page.variables.configRowDataVar.auth_type }}"

          },
          "reset": "none",
          "auto": "always"
        }
      }
    }
  },
  "variables": {
    "value": {
      "required": true,
      "type": "any[]",
      "input": "fromCaller"
    }
  }
}