{
  "description": "",
  "root": "ifValue",
  "actions": {
    "ifValue": {
      "module": "vb/action/builtin/ifAction",
      "parameters": {
        "condition": "[[ $variables.value[0] === \"Y\" ]]"
      },
      "outcomes": {
        "true": "assignVariablesConfigRowDataVar4",
        "false": "if"
      }
    },
    "assignVariablesConfigRowDataVar2": {
      "module": "vb/action/builtin/assignVariablesAction",
      "parameters": {
        "$page.variables.configRowDataVar": {
          "source": {
            "process_name": "{{$page.variables.configRowDataVar.process_name}}",
            "process_identifier": "{{$page.variables.configRowDataVar.process_identifier}}",
            "retry_count": "{{$page.variables.configRowDataVar.retry_count}}",
            "retry_interval": "{{$page.variables.configRowDataVar.retry_interval}}",
            "batch_notification_flag": "{{ $page.variables.batchNotificationCheckboxSetVar[0] }}",
            "to_email": "",
            "slack_channel": "{{ $page.variables.configRowDataVar.slack_channel }}",
            "send_notification_flag": "N",
            "slack_enabled": "{{ $page.variables.slackCheckboxSetVar[0] }}",
            "reprocessing_flag": "{{ $page.variables.reprocessingCheckboxSetVar[0] }}",
            "auto_retry": "{{ $page.variables.autoRetryCheckboxSetVar[0] }}",
            "email_enabled": "N",
            "non_intrusive": "{{ $page.variables.nonIntrusiveCheckboxSetVar[0] }}",
            "auth_type": "{{ $page.variables.configRowDataVar.auth_type }}"
          },
          "auto": "always",
          "reset": "none"
        }
      }
    },
    "assignVariablesConfigRowDataVar": {
      "module": "vb/action/builtin/assignVariablesAction",
      "parameters": {
        "$page.variables.configRowDataVar": {
          "source": {
            "process_name": "{{$page.variables.configRowDataVar.process_name}}",
            "process_identifier": "{{$page.variables.configRowDataVar.process_identifier}}",
            "retry_count": "{{$page.variables.configRowDataVar.retry_count}}",
            "retry_interval": "{{$page.variables.configRowDataVar.retry_interval}}",
            "batch_notification_flag": "N",
            "to_email": "",
            "slack_channel": "{{ $page.variables.configRowDataVar.slack_channel }}",
            "send_notification_flag": "Y",
            "slack_enabled": "{{ $page.variables.slackCheckboxSetVar[0] }}",
            "reprocessing_flag": "{{ $page.variables.reprocessingCheckboxSetVar[0] }}",
            "auto_retry": "{{ $page.variables.autoRetryCheckboxSetVar[0] }}",
            "email_enabled": "N",
            "non_intrusive": "{{ $page.variables.nonIntrusiveCheckboxSetVar[0] }}",
            "auth_type": "{{ $page.variables.configRowDataVar.auth_type }}"
          },
          "auto": "always",
          "reset": "none"
        }
      }
    },
    "if": {
      "module": "vb/action/builtin/ifAction",
      "parameters": {
        "condition": "[[ $page.variables.batchNotificationCheckboxSetVar[0] === \"Y\" && $page.variables.notificationCheckboxSetVar[0] === \"Y\" ]]"
      },
      "outcomes": {
        "true": "assignVariablesConfigRowDataVar3",
        "false": "if3"
      }
    },
    "if3": {
      "module": "vb/action/builtin/ifAction",
      "parameters": {
        "condition": "[[ $page.variables.batchNotificationCheckboxSetVar[0] === \"Y\" && $page.variables.notificationCheckboxSetVar[0] != \"Y\" ]]"
      },
      "outcomes": {
        "true": "assignVariablesConfigRowDataVar2",
        "false": "assignVariablesConfigRowDataVar"
      }
    },
    "assignVariablesConfigRowDataVar3": {
      "module": "vb/action/builtin/assignVariablesAction",
      "parameters": {
        "$page.variables.configRowDataVar": {
          "source": {
            "process_name": "{{$page.variables.configRowDataVar.process_name}}",
            "process_identifier": "{{$page.variables.configRowDataVar.process_identifier}}",
            "retry_count": "{{$page.variables.configRowDataVar.retry_count}}",
            "retry_interval": "{{$page.variables.configRowDataVar.retry_interval}}",
            "batch_notification_flag": "N",
            "to_email": "",
            "slack_channel": "{{ $page.variables.configRowDataVar.slack_channel }}",
            "send_notification_flag": "N",
            "reprocessing_flag": "{{ $page.variables.reprocessingCheckboxSetVar[0] }}",
            "auto_retry": "{{ $page.variables.autoRetryCheckboxSetVar[0] }}",
            "email_enabled": "N",
            "slack_enabled": "{{ $page.variables.slackCheckboxSetVar[0] }}",
            "non_intrusive": "{{ $page.variables.nonIntrusiveCheckboxSetVar[0] }}",
            "auth_type": "{{ $page.variables.configRowDataVar.auth_type }}"
          },
          "auto": "always",
          "reset": "none"
        }
      }
    },
    "assignVariablesConfigRowDataVar4": {
      "module": "vb/action/builtin/assignVariablesAction",
      "parameters": {
        "$page.variables.configRowDataVar": {
          "source": {
            "process_name": "{{$page.variables.configRowDataVar.process_name}}",
            "process_identifier": "{{$page.variables.configRowDataVar.process_identifier}}",
            "retry_count": "{{$page.variables.configRowDataVar.retry_count}}",
            "retry_interval": "{{$page.variables.configRowDataVar.retry_interval}}",
            "batch_notification_flag": "{{ $page.variables.batchNotificationCheckboxSetVar[0] }}",
            "to_email": "{{ $page.variables.configRowDataVar.to_email }}",
            "slack_channel": "{{ $page.variables.configRowDataVar.slack_channel }}",
            "send_notification_flag": "{{ $page.variables.notificationCheckboxSetVar[0] }}",
            "slack_enabled": "{{ $page.variables.slackCheckboxSetVar[0] }}",
            "reprocessing_flag": "{{ $page.variables.reprocessingCheckboxSetVar[0] }}",
            "auto_retry": "{{ $page.variables.autoRetryCheckboxSetVar[0] }}",
            "email_enabled": "{{ $page.variables.emailCheckBoxSetVar[0] }}",
            "non_intrusive": "{{ $page.variables.nonIntrusiveCheckboxSetVar[0] }}",
            "auth_type": "{{ $page.variables.configRowDataVar.auth_type }}"
          },
          "auto": "always",
          "reset": "none"
        }
      }
    }
  },
  "variables": {
    "value": {
      "required": true,
      "type": "any[]",
      "input": "fromCaller"
    }
  }
}