{
  "root": "resetVariablesGetDynamicConfigsListADP",
  "actions": {

    "fireNotification2": {
      "module": "vb/action/builtin/fireNotificationEventAction",
      "parameters": {
        "target": "leaf",
        "summary": "[[ $chain.results.callRestGetAllConfigs.message.summary ]]",
        "type": "error",
        "displayMode": "persist",
        "message": "Error fetching list of configurations. Please contact system administrator."
      },
      "outcomes": {
        "success": "assignVariablesProgressVar3"
      }
    },
    "callRestGetAllConfigs": {
      "module": "vb/action/builtin/restAction",
      "parameters": {
        "endpoint": "Config/getAllConfigs",
        "uriParams": {
          "process_identifier": "{{ $page.variables.searchProcessId ? $page.variables.searchProcessId : 'null' }}"
        }
      },
      "outcomes": {
        "failure": "fireNotification2",
        "success": "assignVariablesGetAllConfigsListRespADPVar"
      }
    },
    "assignVariablesGetAllConfigsListRespADPVar": {
      "module": "vb/action/builtin/assignVariablesAction",
      "parameters": {
        "$page.variables.getDynamicConfigsListADP": {
          "source": {
            "data": "{{ $chain.results.callRestGetAllConfigs.body.items }}"
          },
          "reset": "none",
          "auto": "always",
          "mapping": {
            "$target.data": {
              "source": "$source.data",
              "reset": "empty"
            }
          }
        },
        "$page.variables.getAllConfigsListResADPVar": {
          "source": {
            "data": "{{ $chain.results.callRestGetAllConfigs.body.items }}"
          },
          "reset": "none",
          "auto": "always",
          "mapping": {
            "$target.data": {
              "source": "$source.data",
              "reset": "empty"
            }
          }
        }
      },
      "outcomes": {
        "success": "assignVariablesProgressVar3"
      }
    },
    "assignVariablesProgressVar": {
      "module": "vb/action/builtin/assignVariablesAction",
      "parameters": {
        "$page.variables.progressVar": {
          "source": "-1",
          "reset": "empty"
        }
      },
      "outcomes": {
        "success": "assignDisabledVariables"
      }
    },
    "assignDisabledVariables": {
      "module": "vb/action/builtin/assignVariablesAction",
      "parameters": {
        "$page.variables.isDisabledVar": {
          "source": true
        }
      },
      "outcomes": {
        "success": "callRestGetAllConfigs"
      }
    },
    "assignVariablesProgressVar3": {
      "module": "vb/action/builtin/assignVariablesAction",
      "parameters": {
        "$page.variables.progressVar": {
          "source": "100",
          "reset": "empty"
        }
      }
    },
    "resetVariablesGetDynamicConfigsListADP": {
      "module": "vb/action/builtin/resetVariablesAction",
      "parameters": {
        "variables": [
          "$page.variables.getDynamicConfigsListADP.data",
          "$page.variables.getAllConfigsListResADPVar.data"
        ]
      },
      "outcomes": {
        "success": "assignVariablesProgressVar"
      }
    }

  },
  "variables": {
    "configuration": {
      "type": {
        "hookHandler": "vb/RestHookHandler"
      },
      "input": "fromCaller",
      "required": true
    }
  }
}