{
  "description": "",
  "root": "ifNotificationCheckboxSetVar",
  "actions": {
    "ifBatchNotificationCheckboxSetVar": {
      "module": "vb/action/builtin/ifAction",
      "parameters": {
        "condition": "[[ $page.variables.batchNotificationCheckboxSetVar[0] === \"Y\" ]]"
      },
      "outcomes": {
        "false": "resetVariablesSlackCheckboxSetVar"
      }
    },
    "callFunctionResetComponentToEmpty2": {
      "module": "vb/action/builtin/callModuleFunctionAction",
      "parameters": {
        "module": "[[ $functions ]]",
        "functionName": "resetComponentToEmpty",
        "params": [
          "slackChannelCreateId"
        ]
      },
      "outcomes": {
        "success": "resetVariablesEmailCheckBoxSetVar"
      }
    },
    "callFunctionResetComponentToEmpty4": {
      "module": "vb/action/builtin/callModuleFunctionAction",
      "parameters": {
        "module": "[[ $functions ]]",
        "functionName": "resetComponentToEmpty",
        "params": [
          "emailListCreateId"
        ]
      }
    },
    "ifNotificationCheckboxSetVar": {
      "module": "vb/action/builtin/ifAction",
      "parameters": {
        "condition": "[[ $page.variables.notificationCheckboxSetVar[0] === \"Y\" ]]"
      },
      "outcomes": {
        "false": "ifBatchNotificationCheckboxSetVar"
      }
    },
    "resetVariablesSlackCheckboxSetVar": {
      "module": "vb/action/builtin/resetVariablesAction",
      "parameters": {
        "variables": [
          "$page.variables.slackCheckboxSetVar"
        ]
      },
      "outcomes": {
        "success": "callFunctionResetComponentToEmpty2"
      }
    },
    "resetVariablesEmailCheckBoxSetVar": {
      "module": "vb/action/builtin/resetVariablesAction",
      "parameters": {
        "variables": [
          "$page.variables.emailCheckBoxSetVar"
        ]
      },
      "outcomes": {
        "success": "callFunctionResetComponentToEmpty4"
      }
    }
  },
  "variables": {
    "value": {
      "required": true,
      "type": "any[]",
      "input": "fromCaller"
    }
  }
}