{
  "description": "",
  "root": "ifMenuIdVbEnterVar",
  "actions": {
    "ifMenuIdVbEnterVar": {
      "module": "vb/action/builtin/ifAction",
      "parameters": {
        "condition": "[[ $variables.menuIdVbEnterVar === \"create\" ]]"
      },
      "outcomes": {
        "true": "updateCreateConfigTextVar",
        "false": "updateEditConfigTextVar"
      }
    },
    "updateCreateConfigTextVar": {
      "module": "vb/action/builtin/assignVariablesAction",
      "parameters": {
        "$page.variables.configTextVar": {
          "source": "Create Configuration"
        },
        "$page.variables.configButtonTextVar": {
          "source": "Create"
        },
        "$page.variables.configRowDataVar": {
          "reset": "empty"
        }
      }
    },
    "updateEditConfigTextVar": {
      "module": "vb/action/builtin/assignVariablesAction",
      "parameters": {
        "$page.variables.configTextVar": {
          "source": "Edit Configuration"
        },
        "$page.variables.configButtonTextVar": {
          "source": "Save"
        },
        "$page.variables.autoRetryCheckboxSetVar": {
          "source": [
            "{{ $page.variables.configRowDataVar.auto_retry }}"
          ],
          "reset": "none",
          "auto": "always"
        },
        "$page.variables.reprocessingCheckboxSetVar": {
          "source": [
            "{{ $page.variables.configRowDataVar.reprocessing_flag }}"
          ],
          "reset": "none",
          "auto": "always"
        },
        "$page.variables.batchNotificationCheckboxSetVar": {
          "source": [
            "{{ $page.variables.configRowDataVar.batch_notification_flag }}"
          ],
          "reset": "none",
          "auto": "always"
        },
        "$page.variables.emailCheckBoxSetVar": {
          "source": [
            "{{ $page.variables.configRowDataVar.email_enabled }}"
          ],
          "reset": "none",
          "auto": "always"
        },
        "$page.variables.notificationCheckboxSetVar": {
          "source": [
            "{{ $page.variables.configRowDataVar.send_notification_flag }}"
          ],
          "reset": "none",
          "auto": "always"
        },
        "$page.variables.slackCheckboxSetVar": {
          "source": [
            "{{ $page.variables.configRowDataVar.slack_enabled }}"
          ],
          "reset": "none",
          "auto": "always"
        },
        "$page.variables.nonIntrusiveCheckboxSetVar": {
          "source": [
            "{{ $page.variables.configRowDataVar.non_intrusive }}"
          ],
          "reset": "none",
          "auto": "always"
        }
      }
    }
  },
  "variables": {
    "menuIdVbEnterVar": {
      "type": "string",
      "description": "",
      "input": "fromCaller"
    }
  }
}