{
  "description": "",
  "root": "assignVariablesProgressVar",
  "actions": {
    "assignVariablesProgressVar": {
      "module": "vb/action/builtin/assignVariablesAction",
      "parameters": {
        "$page.variables.progressVar": {
          "source": -1,
          "reset": "empty"
        },
        "$page.variables.createButtonDisabledVar": {
          "source": "{{ \"false\" }}",
          "reset": "empty"
        }
      },
      "outcomes": {
        "success": "callRestGetCreateConfig"
      }
    },
    "fireNotification2": {
      "module": "vb/action/builtin/fireNotificationEventAction",
      "parameters": {
        "target": "leaf",
        "summary": "[[ $chain.results.callRestGetCreateConfig.message.summary ]]",
        "type": "error",
        "displayMode": "persist"
      }
    },
    "if": {
      "module": "vb/action/builtin/ifAction",
      "parameters": {
        "condition": "[[ $chain.results.callRestGetCreateConfig.body.count > 0 ]]"
      },
      "outcomes": {
        "false": "assignVariablesConfigRowDataVar",
        "true": "assignVariablesCreateButtonDisabledVar"
      }
    },
    "callRestGetCreateConfig": {
      "module": "vb/action/builtin/restAction",
      "parameters": {
        "endpoint": "Config/getCreateConfig",
        "uriParams": {
          "process_identifier": "{{ $page.variables.searchProcessId }}"
        }
      },
      "outcomes": {
        "failure": "fireNotification2",
        "success": "if"
      }
    },
    "fireNotification": {
      "module": "vb/action/builtin/fireNotificationEventAction",
      "parameters": {
        "target": "leaf",
        "summary": "\"Config is already created for this ProcessName\"",
        "type": "info"
      }
    },
    "assignVariablesConfigRowDataVar": {
      "module": "vb/action/builtin/assignVariablesAction",
      "parameters": {
        "$page.variables.configRowDataVar": {
          "source": {
              "process_identifier": "{{ $page.variables.searchProcessId }}",
            "process_name": "{{ $variables.processNameInput }}"
            },
          "reset": "none",
          "auto": "always"
        }
      },
      "outcomes": {
        "success": "callRestGetIntegrationsId"
      }
    },
    "assignVariablesCreateButtonDisabledVar": {
      "module": "vb/action/builtin/assignVariablesAction",
      "parameters": {
        "$page.variables.createButtonDisabledVar": {
          "source": "{{ \"true\" }}",
          "reset": "empty"
        }
      },
      "outcomes": {
        "success": "fireNotification"
      }
    },
    "fireNotification3": {
      "module": "vb/action/builtin/fireNotificationEventAction",
      "parameters": {
        "target": "leaf",
        "summary": "[[ $chain.results.callRestGetIntegrationsId.message.summary ]]",
        "type": "error",
        "displayMode": "persist"
      }
    },
    "callRestGetIntegrationsId": {
      "module": "vb/action/builtin/restAction",
      "parameters": {
        "endpoint": "OICRestApi/getIntegrationsId",
        "uriParams": {
          "id": "{{ $page.variables.searchProcessId + \"%7C\" + $variables.processVersionInput }}"
        }
      },
      "outcomes": {
        "failure": "fireNotification3",
        "success": "switch"
      }
    },
    "switch": {
      "module": "vb/action/builtin/switchAction",
      "parameters": {
        "caseValue": "[[ $chain.results.callRestGetIntegrationsId.body.securityPolicy ]]",
        "possibleValues": [
          "oracle/wss_username_token_over_ssl_service_policy",
          "oracle/http_jwt_token_service_policy",
          "oracle/multi_token_rest_service_policy"
        ]
      },
      "outcomes": {
        "oracle/wss_username_token_over_ssl_service_policy": "assignVariablesConfigRowDataVar3",
        "oracle/http_jwt_token_service_policy": "assignVariablesConfigRowDataVar2",
        "oracle/multi_token_rest_service_policy": "assignVariablesConfigRowDataVar5"
      }
    },
    "assignVariablesConfigRowDataVar2": {
      "module": "vb/action/builtin/assignVariablesAction",
      "parameters": {
        "$page.variables.configRowDataVar": {
          "source": {
            "auth_type": "OAuth2"
          },
          "reset": "none",
          "auto": "always"
        }
      }
    },
    "assignVariablesConfigRowDataVar5": {
      "module": "vb/action/builtin/assignVariablesAction",
      "parameters": {
        "$page.variables.configRowDataVar": {
          "source": {
            "auth_type": "Basic/OAuth2"
          },
          "reset": "none",
          "auto": "always"
        }
      }
    },
    "assignVariablesConfigRowDataVar3": {
      "module": "vb/action/builtin/assignVariablesAction",
      "parameters": {
        "$page.variables.configRowDataVar": {
          "source": {
            "auth_type": "Basic"
          },
          "reset": "none",
          "auto": "always"
        }
      }
    }
  },
  "variables": {
    "value": {
      "required": true,
      "type": "any",
      "input": "fromCaller"
    },
    "processNameInput": {
      "type": "string",
      "description": "",
      "defaultValue": "$event",
      "input": "fromCaller"
    },
    "processVersionInput": {
      "type": "string",
      "input": "fromCaller"
    }
  }
}