{
  "description": "",
  "root": "callFunctionSplitByPipe",
  "actions": {
    "assignVariablesConfigRowDataVar": {
      "module": "vb/action/builtin/assignVariablesAction",
      "parameters": {
        "$page.variables.configRowDataVar": {
          "source": {
            "process_identifier": "{{ $chain.results.callFunctionSplitByPipe[0] }}"
          },
          "reset": "none",
          "auto": "always"
        }
      }
    },
    "callFunctionSplitByPipe": {
      "module": "vb/action/builtin/callModuleFunctionAction",
      "parameters": {
        "module": "[[ $functions ]]",
        "functionName": "splitByPipe",
        "params": [
          "{{ $variables.itemContext.data.id }}"
        ],
        "returnType": "any[]"
      },
      "outcomes": {
        "success": "assignVariablesConfigRowDataVar"
      }
    }
  },
  "variables": {
    "value": {
      "required": true,
      "type": "any",
      "input": "fromCaller"
    },
    "itemContext": {
      "required": true,
      "type": "any",
      "input": "fromCaller"
    }
  }
}