{
    "items": [
        {
            "sequence_id": 203,
            "run_id": "2000043",
            "parent_runid": null,
            "tracking_id1": "01",
            "tracking_id2": null,
            "tracking_id3": null,
            "process_name": "POC_GenerateError",
            "process_status": "ERRORED",
            "process_identifier": "POC_GENERATEERROR",
            "retry_count": 2,
            "total_records": null,
            "records_processed": null,
            "records_faulted": null,
            "source_filename": null,
            "target_filename": null,
            "payload": "01",
            "source_system": null,
            "target_system": null,
            "end_point": "https://cxintegrationinstance-orasenatdoracledigital01-ia.integration.ocp.oraclecloud.com:443/ic/api/integration/v1/flows/rest/POC_GENERATEERROR/1.0/error",
            "path_parameter": "q=1&count=10",
            "process_creation_time": "05/18/2023",
            "last_updated_time": "05/22/2023",
            "error_logged_time": "05/18/2023",
            "transaction_id": null,
            "headers": null,
            "http_method": null,
            "error_code": "ERR-01",
            "error_msg": "Business Error",
            "reprocessing_flag": "Y"
        }
    ],
    "hasMore": false,
    "limit": 1000,
    "offset": 0,
    "count": 1,
    "links": [
        {
            "rel": "self",
            "href": "https://gc380b1ec18fe48-errordb.adb.ap-mumbai-1.oraclecloudapps.com/ords/nactoic/ehfdashboard/search"
        },
        {
            "rel": "describedby",
            "href": "https://gc380b1ec18fe48-errordb.adb.ap-mumbai-1.oraclecloudapps.com/ords/nactoic/metadata-catalog/ehfdashboard/item"
        },
        {
            "rel": "first",
            "href": "https://gc380b1ec18fe48-errordb.adb.ap-mumbai-1.oraclecloudapps.com/ords/nactoic/ehfdashboard/search"
        }
    ]
}