{
  "root": "callgetProcessCountREST",
  "description": "",
  "variables": {},
  "actions": {
    "fireNotification": {
      "module": "vb/action/builtin/fireNotificationEventAction",
      "parameters": {
        "target": "leaf",
        "summary": "[[ $chain.results.callgetProcessCountREST.message.summary ]]",
        "type": "error",
        "displayMode": "persist"
      }
    },
    "callgetProcessCountREST": {
      "module": "vb/action/builtin/restAction",
      "parameters": {
        "endpoint": "Home/getProcessCount",
        "responseBodyFormat": "json",
        "responseType": "getProcessCount"
      },
      "outcomes": {
        "failure": "fireNotification",
        "success": "assignCountVar"
      }
    },
    "assignCountVar": {
      "module": "vb/action/builtin/assignVariablesAction",
      "parameters": {
        "$page.variables.getProcessCountRespVar": {
          "source": {
            "items": [
              {
                "processcount": "{{ $chain.results.callgetProcessCountREST.body.items[0].processcount }}"
              }
            ]
          },
          "reset": "none",
          "auto": "always",
          "mapping": {
            "$target.items": {
              "source": "$source.items",
              "reset": "empty",
              "auto": "always"
            }
          }
        },
        "$page.variables.processCountVar": {
          "source": "{{ $chain.results.callgetProcessCountREST.body.items[0].processcount }}",
          "reset": "empty"
        }
      }
    }
  }
}