{
  "root": "runInParallel",
  "description": "",
  "variables": {},
  "actions": {

    "assignVariablesMessageCountVar": {
      "module": "vb/action/builtin/assignVariablesAction",
      "parameters": {
        "$page.variables.messageCountVar": {
          "source": "{{ $chain.results.callRestGetMessageCount2.body.messagecount }}"
        }
      }
    },
    "fireNotification2": {
      "module": "vb/action/builtin/fireNotificationEventAction",
      "parameters": {
        "target": "leaf",
        "summary": "[[ $chain.results.callRestGetMessageCount2.message.summary ]]",
        "type": "error",
        "displayMode": "persist"
      }
    },
    "callRestGetMessageCount2": {
      "module": "vb/action/builtin/restAction",
      "parameters": {
        "endpoint": "Home/getMessageCount",
        "responseBodyFormat": "json",
        "responseType": "getMessageCount",
        "uriParams": {
          "timeFrame": "'24 Hours'"
        }
      },
      "outcomes": {
        "failure": "fireNotification2",
        "success": "assignVariablesMessageCountVar"
      }
    },
    "fireNotification": {
      "module": "vb/action/builtin/fireNotificationEventAction",
      "parameters": {
        "target": "leaf",
        "summary": "[[ $chain.results.autoRetriedInstances.message.summary ]]",
        "type": "error",
        "displayMode": "persist"
      }
    },
    "autoRetriedInstances": {
      "module": "vb/action/builtin/restAction",
      "parameters": {
        "endpoint": "Home/getAutoRetriedInstances",
        "uriParams": {
          "timeFrame": "'24 Hours'"
        },
        "responseType": "getAutoRetriedInstances"
      },
      "outcomes": {
        "failure": "fireNotification",
        "success": "assignVariablesAutoRetriedInstancesCountVar"
      }
    },
    "assignVariablesAutoRetriedInstancesCountVar": {
      "module": "vb/action/builtin/assignVariablesAction",
      "parameters": {
        "$page.variables.autoRetriedInstancesCountVar": {
          "source": "{{ $chain.results.autoRetriedInstances.body.numofautoretryinstances }}"
        }
      }
    },
    "runInParallel": {
      "module": "vb/action/builtin/forkAction",
      "parameters": {
        "actions": {
          "callRestGetMessageCount2": "callRestGetMessageCount2",
          "autoRetriedInstances": "autoRetriedInstances"
        }
      }
    }
  }
}