{
  "description": "",
  "root": "navigateToDashboard",
  "actions": {
    "navigateToDashboard": {
      "module": "vb/action/builtin/navigateAction",
      "@dt": {
        "targetType": "flow"
      },
      "parameters": {
        "target": "parent",
        "flow": "dashboard",
        "params": {
          "inputProcessNameVar": "{{ $variables.selection[0] }}"
        }
      }
    }
  },
  "variables": {
    "selection": {
      "required": true,
      "type": "any[]",
      "input": "fromCaller"
    }
  }
}