{
  "description": "",
  "root": "fireNotificationSelection",
  "actions": {
    "fireNotificationSelection": {
      "module": "vb/action/builtin/fireNotificationEventAction",
      "parameters": {
        "target": "leaf",
        "summary": "[[ $variables.selection[0] ]]",
        "message": "$variables.selectionData[0]",
        "displayMode": "transient",
        "type": "info"
      }
    }
  },
  "variables": {
    "selectionData": {
      "required": true,
      "type": "object[]",
      "input": "fromCaller"
    },
    "selection": {
      "required": true,
      "type": "any[]",
      "input": "fromCaller"
    }
  }
}