{
  "description": "",
  "root": "runInParallel",
  "actions": {

    "callRestGetMessageCount": {
      "module": "vb/action/builtin/restAction",
      "parameters": {
        "endpoint": "Home/getMessageCount",
        "uriParams": {
          "timeFrame": "{{ $page.variables.selectedTimePeriod }}"
        },
        "responseType": "getMessageCount"
      },
      "outcomes": {

        "success": "assignMessageCount"
      }
    },
    "assignMessageCount": {
      "module": "vb/action/builtin/assignVariablesAction",
      "parameters": {
        "$page.variables.messageCountVar": {
          "source": "{{ $chain.results.callRestGetMessageCount.body.messagecount }}"
        }
      }
    },
    "fireNotification": {
      "module": "vb/action/builtin/fireNotificationEventAction",
      "parameters": {
        "target": "leaf",
        "summary": "[[ $chain.results.autoRetriedInstancesCount.message.summary ]]",
        "type": "error",
        "displayMode": "persist"
      }
    },
    "autoRetriedInstancesCount": {
      "module": "vb/action/builtin/restAction",
      "parameters": {
        "endpoint": "Home/getAutoRetriedInstances",
        "uriParams": {
          "timeFrame": "{{ $page.variables.selectedTimePeriod }}"
        },
        "responseType": "getAutoRetriedInstances"
      },
      "outcomes": {
        "failure": "fireNotification",
        "success": "assignVariablesAutoRetriedInstancesCountVar"
      }
    },
    "assignVariablesAutoRetriedInstancesCountVar": {
      "module": "vb/action/builtin/assignVariablesAction",
      "parameters": {
        "$page.variables.autoRetriedInstancesCountVar": {
          "source": "{{ $chain.results.autoRetriedInstancesCount.body.numofautoretryinstances }}"
        }
      }
    },
    "fireNotification2": {
      "module": "vb/action/builtin/fireNotificationEventAction",
      "parameters": {
        "target": "leaf",
        "summary": "[[ $chain.results.callRestGetMessagesPerIntegration.message.summary ]]",
        "type": "error",
        "displayMode": "persist"
      }
    },
    "callRestGetMessagesPerIntegration": {
      "module": "vb/action/builtin/restAction",
      "parameters": {
        "endpoint": "Home/getMessagesPerIntegration",
        "uriParams": {
          "timeFrame": "{{ $page.variables.selectedTimePeriod }}"
        }
      },
      "outcomes": {
        "failure": "fireNotification2"
      }
    },
    "runInParallel": {
      "module": "vb/action/builtin/forkAction",
      "parameters": {
        "actions": {
          "callRestGetMessageCount": "callRestGetMessageCount",
          "autoRetriedInstancesCount": "autoRetriedInstancesCount",
          "callRestGetMessagesPerIntegration": "callRestGetMessagesPerIntegration"
        }
      }
    }
  },
  "variables": {
    "value": {
      "required": true,
      "type": "any",
      "input": "fromCaller"
    }
  }
}