{
    "openapi": "3.0.0",
    "info": {
        "title": "OAuth2 Token",
        "version": "1.0.0"
    },
    "servers": [
        {
            "url": "https://idcs-f6342949cbec429699008e5c82157a2f.identity.oraclecloud.com/oauth2",
            "description": "OAuth2 Token URL",
            "x-vb": {
                "authentication": {
                    "authenticated": {
                        "type": "basic",
                        "credentials": "vb_fbf309b0-ef97-4c21-9dce-dba9aac0008c"
                    }
                },
                "forceProxy": "cors"
            }
        }
    ],
    "paths": {
        "/v1/token": {
            "post": {
                "operationId": "token",
                "responses": {
                    "default": {
                        "description": "Response for default",
                        "content": {
                            "application/json": {
                                "schema": {
                                    "$ref": "#/components/schemas/PostV1TokenResponse"
                                },
                                "examples": {
                                    "vb": {
                                        "summary": "Example stored by VB User",
                                        "externalValue": "./examples/token/response_default_application_json_vb.json"
                                    }
                                }
                            }
                        }
                    }
                },
                "x-vb": {
                    "actionHint": "getOne",
                    "headers": {
                        "Content-Type": "application/x-www-form-urlencoded"
                    }
                },
                "requestBody": {
                    "content": {
                        "application/x-www-form-urlencoded": {
                            "schema": {
                                "$ref": "#/components/schemas/PostV1TokenRequest"
                            },
                            "examples": {
                                "vb": {
                                    "externalValue": "./examples/token/request_application_json_vb.json"
                                }
                            }
                     }
                    }
                }
            }
        }
    },
    "components": {
        "schemas": {
            "PostV1TokenResponse": {
                "type": "object",
                "properties": {
                    "access_token": {
                        "type": "string"
                    },
                    "token_type": {
                        "type": "string"
                    },
                    "expires_in": {
                        "type": "integer"
                    }
                }
            },
            "PostV1TokenRequest": {
                "type": "object",
                "properties": {
                    "grant_type": {
                        "type": "string"
                    },
                    "scope": {
                        "type": "string"
                    }
                }
            }
        }
    }
}