{
    "sequence_id": 121,
    "process_identifier": "POC_GENERATEERROR",
    "process_name": "POC_GenerateError",
    "auto_retry": "Y",
    "retry_count": 3,
    "retry_interval": 60,
    "reprocessing_flag": "Y",
    "send_notification_flag": "Y",
    "batch_notification_flag": "Y",
    "email_enabled": "Y",
    "slack_enabled": "Y",
    "to_email": "ritu.rs.singh@oracle.com",
    "slack_channel": "OIC",
    "non_intrusive": "N",
    "auth_type": "Basic",
    "links": [
        {
            "rel": "collection",
            "href": "https://gc380b1ec18fe48-errordb.adb.ap-mumbai-1.oraclecloudapps.com/ords/nactoic/ehfconfig/"
        }
    ]
}