{
    "openapi": "3.0.0",
    "info": {
        "title": "ORDS generated API for Home",
        "version": "1.0.0"
    },
    "servers": [
        {
            "url": "https://jybaf3g8ix9wakj-ehfdb.adb.us-ashburn-1.oraclecloudapps.com/ords/nactoic/ehfhome",
            "description": "",
            "x-vb": {
                "authentication": {
                    "authenticated": {
                        "type": "oauth2_client_credentials",
                        "clientIdCredentials": "vb_1798d0e6-5bcb-4120-8075-806717578614",
                        "authUrl": "https://jybaf3g8ix9wakj-ehfdb.adb.us-ashburn-1.oraclecloudapps.com/ords/nactoic/oauth/token"
                    }
                },
                "forceProxy": "cors"
            }
        }
    ],
    "paths": {
        "/processCount": {
            "get": {
                "operationId": "getProcessCount",
                "responses": {
                    "default": {
                        "description": "Response for default",
                        "content": {
                            "application/json": {
                                "schema": {
                                    "$ref": "#/components/schemas/GetProcessCount"
                                },
                                "examples": {
                                    "vb": {
                                        "summary": "Example stored by VB User",
                                        "externalValue": "./examples/getProcessCount/response_default_application_json_vb.json"
                                    }
                                }
                            }
                        }
                    }
                },
                "x-vb": {
                    "actionHint": "getOne"
                }
            }
        },
        "/messageCount": {
            "get": {
                "operationId": "getMessageCount",
                "parameters": [
                    {
                        "name": "timeFrame",
                        "in": "query",
                        "required": true,
                        "schema": {
                            "type": "string"
                        },
                        "x-vb": {
                            "defaultValue": "24 Hours"
                        }
                    }
                ],
                "responses": {
                    "default": {
                        "description": "Response for default",
                        "content": {
                            "application/json": {
                                "schema": {
                                    "$ref": "#/components/schemas/GetMessageCount"
                                },
                                "examples": {
                                    "vb": {

                                        "externalValue": "./examples/getMessageCount/response_default_application_json_vb.json"
                                    }
                                }
                            }
                        }
                    }
                },
                "x-vb": {
                    "actionHint": "getOne"
                }
            },
            "parameters": [
                {
                    "name": "timeFrame",
                    "in": "query",
                    "required": true,
                    "schema": {
                        "type": "string"
                    },
                    "x-vb": {
                        "defaultValue": "24 Hours"
                    }
                }
            ]
        },
        "/messagesPerIntegration": {
            "get": {
                "operationId": "getMessagesPerIntegration",
                "responses": {
                    "default": {
                        "description": "Response for default",
                        "content": {
                            "application/json": {
                                "schema": {
                                    "$ref": "#/components/schemas/GetMessagesPerIntegration"
                                },
                                "examples": {
                                    "vb": {
                                        "summary": "Example stored by VB User",
                                        "externalValue": "./examples/getMessagesPerIntegration/response_default_application_json_vb.json"
                                    }
                                }
                            }
                        }
                    }
                },
                "x-vb": {
                    "actionHint": "getMany",
                    "queryParameters": {
                    }
                },
                "parameters": [
                    {
                        "name": "timeFrame",
                        "in": "query",
                        "required": true,
                        "schema": {
                            "type": "string"
                        },
                        "x-vb": {
                            "defaultValue": "24 Hours"
                        }
                    }
                ]
            }
        },
        "/autoRetriedInstances": {
            "get": {
                "operationId": "getAutoRetriedInstances",
                "parameters": [
                    {
                        "name": "timeFrame",
                        "in": "query",
                        "required": true,
                        "schema": {
                            "type": "string"
                        },
                        "x-vb": {
                            "defaultValue": "24 Hours"
                        }
                    }
                ],
                "responses": {
                    "default": {
                        "description": "Response for default",
                        "content": {
                            "application/json": {
                                "schema": {
                                    "$ref": "#/components/schemas/GetAutoRetriedInstances"
                                },
                                "examples": {
                                    "vb": {
                                        "summary": "Example stored by VB User",
                                        "externalValue": "./examples/getAutoRetriedInstances/response_default_application_json_vb.json"
                                    }
                                }
                            }
                        }
                    }
                },
                "x-vb": {
                    "actionHint": "getOne"
                }
            }
        }
    },
    "components": {
        "schemas": {
            "GetProcessCount": {
                "type": "object",
                "properties": {
                    "items": {
                        "type": "array",
                        "items": {
                            "type": "object",
                            "properties": {
                                "processcount": {
                                    "type": "integer"
                                }
                            }
                        }
                    },
                    "hasMore": {
                        "type": "boolean"
                    },
                    "limit": {
                        "type": "integer"
                    },
                    "offset": {
                        "type": "integer"
                    },
                    "count": {
                        "type": "integer"
                    },
                    "links": {
                        "type": "array",
                        "items": {
                            "type": "object",
                            "properties": {
                                "rel": {
                                    "type": "string"
                                },
                                "href": {
                                    "type": "string"
                                }
                            }
                        }
                    }
                }
            },
            "GetMessageCount": {
                "type": "object",
                "properties": {
                    "messagecount": {
                        "type": "integer"
                    },
                    "links": {
                        "type": "array",
                        "items": {
                            "type": "object",
                            "properties": {
                                "rel": {
                                    "type": "string"
                                },
                                "href": {
                                    "type": "string"
                                }
                            }
                        }
                    }

                }
            },
            "GetMessagesPerIntegration": {
                "type": "object",
                "properties": {
                    "items": {
                        "type": "array",
                        "items": {
                            "type": "object",
                            "properties": {

                                "processname": {
                                    "type": "string"
                                },
                                "numofmsgsfinal": {
                                    "type": "integer"
                                }
                            }
                        }
                    },
                    "hasMore": {
                        "type": "boolean"
                    },
                    "limit": {
                        "type": "integer"
                    },
                    "offset": {
                        "type": "integer"
                    },
                    "count": {
                        "type": "integer"
                    },
                    "links": {
                        "type": "array",
                        "items": {
                            "type": "object",
                            "properties": {
                                "rel": {
                                    "type": "string"
                                },
                                "href": {
                                    "type": "string"
                                }
                            }
                        }
                    }
                }
            },
            "GetAutoRetriedInstances": {
                "type": "object",
                "properties": {
                    "numofautoretryinstances": {
                        "type": "integer"
                    },
                    "links": {
                        "type": "array",
                        "items": {
                            "type": "object",
                            "properties": {
                                "rel": {
                                    "type": "string"
                                },
                                "href": {
                                    "type": "string"
                                }
                            }
                        }
                    }
                }
            }
        }
    }
}